case,placement,status,common_manifest_count,variable_manifest_count,manifest_count,post_dft_scan_cell_count,chain_count_requested,inventory_name_count,expected_common_count,expected_variable_count,manifest_exact,error
CASE_IARK,IARK,PASS,896,128,1024,1024,1,1024,896,128,True,
CASE_SB,SB,PASS,896,128,1024,1024,1,1024,896,128,True,
CASE_SR,SR,PASS,896,128,1024,1024,1,1024,896,128,True,
CASE_MC,MC,PASS,896,128,1024,1024,1,1024,896,128,True,
CASE_RANDOM_STAGE_seed01,RANDOM_STAGE,PASS,896,128,1024,1024,1,1024,896,128,True,
CASE_RANDOM_STAGE_seed02,RANDOM_STAGE,PASS,896,128,1024,1024,1,1024,896,128,True,
CASE_RANDOM_STAGE_seed03,RANDOM_STAGE,PASS,896,128,1024,1024,1,1024,896,128,True,
CASE_RANDOM_STAGE_seed04,RANDOM_STAGE,PASS,896,128,1024,1024,1,1024,896,128,True,
CASE_RANDOM_STAGE_seed05,RANDOM_STAGE,PASS,896,128,1024,1024,1,1024,896,128,True,
CASE_RANDOM_STAGE_seed06,RANDOM_STAGE,PASS,896,128,1024,1024,1,1024,896,128,True,
CASE_RANDOM_STAGE_seed07,RANDOM_STAGE,PASS,896,128,1024,1024,1,1024,896,128,True,
CASE_RANDOM_STAGE_seed08,RANDOM_STAGE,PASS,896,128,1024,1024,1,1024,896,128,True,
CASE_RANDOM_STAGE_seed09,RANDOM_STAGE,PASS,896,128,1024,1024,1,1024,896,128,True,
CASE_RANDOM_STAGE_seed10,RANDOM_STAGE,PASS,896,128,1024,1024,1,1024,896,128,True,
CASE_MIX_MC_000,MIX_MC,PASS,896,128,1024,1024,1,1024,896,128,True,
CASE_MIX_MC_032,MIX_MC,PASS,896,128,1024,1024,1,1024,896,128,True,
CASE_MIX_MC_064,MIX_MC,PASS,896,128,1024,1024,1,1024,896,128,True,
CASE_MIX_MC_096,MIX_MC,PASS,896,128,1024,1024,1,1024,896,128,True,
CASE_MIX_MC_128,MIX_MC,PASS,896,128,1024,1024,1,1024,896,128,True,
CASE_AUTO_STAGE,AUTO_STAGE,PASS,896,128,1024,1024,1,1024,896,128,True,
