mode,case,placement,region,status,detected,possibly_detected,undetectable,atpg_untestable,not_detected,total_faults,coverage_pct,patterns,class_sum
transition,CASE_IARK,IARK,IARK_CONE,PASS,512,0,1,1441,0,1954,26.22,6,1954
transition,CASE_IARK,IARK,SB_CONE,PASS,4,0,0,58428,0,58432,0.01,3,58432
transition,CASE_IARK,IARK,SR_CONE,PASS,8,0,0,1060,0,1068,0.75,2,1068
transition,CASE_IARK,IARK,MC_CONE,PASS,24,0,0,5692,0,5716,0.42,3,5716
transition,CASE_IARK,IARK,AES_CONTROL,PASS,6,0,0,2,0,8,75.0,3,8
transition,CASE_IARK,IARK,AES_OTHER,PASS,1792,0,0,3896,0,5688,31.5,8,5688
transition,CASE_SB,SB,IARK_CONE,PASS,0,0,1,1953,0,1954,0.0,1,1954
transition,CASE_SB,SB,SB_CONE,PASS,562,0,0,57870,0,58432,0.96,8,58432
transition,CASE_SB,SB,SR_CONE,PASS,8,0,0,1060,0,1068,0.75,3,1068
transition,CASE_SB,SB,MC_CONE,PASS,24,0,0,5692,0,5716,0.42,2,5716
transition,CASE_SB,SB,AES_CONTROL,PASS,6,0,0,2,0,8,75.0,3,8
transition,CASE_SB,SB,AES_OTHER,PASS,1791,0,0,3874,23,5688,31.49,8,5688
transition,CASE_SR,SR,IARK_CONE,PASS,0,0,1,1951,2,1954,0.0,1,1954
transition,CASE_SR,SR,SB_CONE,PASS,4,0,0,58428,0,58432,0.01,3,58432
transition,CASE_SR,SR,SR_CONE,PASS,520,0,0,548,0,1068,48.69,10,1068
transition,CASE_SR,SR,MC_CONE,PASS,24,0,0,5692,0,5716,0.42,3,5716
transition,CASE_SR,SR,AES_CONTROL,PASS,6,0,0,2,0,8,75.0,3,8
transition,CASE_SR,SR,AES_OTHER,PASS,1796,0,0,3892,0,5688,31.58,6,5688
transition,CASE_MC,MC,IARK_CONE,PASS,0,0,1,1953,0,1954,0.0,1,1954
transition,CASE_MC,MC,SB_CONE,PASS,4,0,0,58428,0,58432,0.01,2,58432
transition,CASE_MC,MC,SR_CONE,PASS,8,0,0,1060,0,1068,0.75,2,1068
transition,CASE_MC,MC,MC_CONE,PASS,692,0,0,5024,0,5716,12.11,11,5716
transition,CASE_MC,MC,AES_CONTROL,PASS,6,0,0,2,0,8,75.0,3,8
transition,CASE_MC,MC,AES_OTHER,PASS,1792,0,0,3896,0,5688,31.5,7,5688
transition,CASE_RANDOM_STAGE_seed01,RANDOM_STAGE,IARK_CONE,PASS,112,0,1,1827,14,1954,5.73,5,1954
transition,CASE_RANDOM_STAGE_seed01,RANDOM_STAGE,SB_CONE,PASS,160,0,0,58272,0,58432,0.27,5,58432
transition,CASE_RANDOM_STAGE_seed01,RANDOM_STAGE,SR_CONE,PASS,172,0,0,896,0,1068,16.1,10,1068
transition,CASE_RANDOM_STAGE_seed01,RANDOM_STAGE,MC_CONE,PASS,222,0,0,5337,157,5716,3.88,7,5716
transition,CASE_RANDOM_STAGE_seed01,RANDOM_STAGE,AES_CONTROL,PASS,6,0,0,2,0,8,75.0,3,8
transition,CASE_RANDOM_STAGE_seed01,RANDOM_STAGE,AES_OTHER,PASS,1792,0,0,3896,0,5688,31.5,10,5688
transition,CASE_RANDOM_STAGE_seed02,RANDOM_STAGE,IARK_CONE,PASS,84,0,1,1869,0,1954,4.3,5,1954
transition,CASE_RANDOM_STAGE_seed02,RANDOM_STAGE,SB_CONE,PASS,176,0,0,58256,0,58432,0.3,5,58432
transition,CASE_RANDOM_STAGE_seed02,RANDOM_STAGE,SR_CONE,PASS,212,0,0,856,0,1068,19.85,9,1068
transition,CASE_RANDOM_STAGE_seed02,RANDOM_STAGE,MC_CONE,PASS,217,0,0,5499,0,5716,3.8,10,5716
transition,CASE_RANDOM_STAGE_seed02,RANDOM_STAGE,AES_CONTROL,PASS,6,0,0,2,0,8,75.0,3,8
transition,CASE_RANDOM_STAGE_seed02,RANDOM_STAGE,AES_OTHER,PASS,1792,0,0,3896,0,5688,31.5,11,5688
transition,CASE_RANDOM_STAGE_seed03,RANDOM_STAGE,IARK_CONE,PASS,108,0,1,1844,1,1954,5.53,3,1954
transition,CASE_RANDOM_STAGE_seed03,RANDOM_STAGE,SB_CONE,PASS,160,0,0,58235,37,58432,0.27,7,58432
transition,CASE_RANDOM_STAGE_seed03,RANDOM_STAGE,SR_CONE,PASS,216,0,0,852,0,1068,20.22,9,1068
transition,CASE_RANDOM_STAGE_seed03,RANDOM_STAGE,MC_CONE,PASS,207,0,0,5404,105,5716,3.62,5,5716
transition,CASE_RANDOM_STAGE_seed03,RANDOM_STAGE,AES_CONTROL,PASS,6,0,0,2,0,8,75.0,3,8
transition,CASE_RANDOM_STAGE_seed03,RANDOM_STAGE,AES_OTHER,PASS,1796,0,0,3892,0,5688,31.58,11,5688
transition,CASE_RANDOM_STAGE_seed04,RANDOM_STAGE,IARK_CONE,PASS,136,0,1,1817,0,1954,6.96,6,1954
transition,CASE_RANDOM_STAGE_seed04,RANDOM_STAGE,SB_CONE,PASS,136,0,0,58296,0,58432,0.23,7,58432
transition,CASE_RANDOM_STAGE_seed04,RANDOM_STAGE,SR_CONE,PASS,192,0,0,876,0,1068,17.98,10,1068
transition,CASE_RANDOM_STAGE_seed04,RANDOM_STAGE,MC_CONE,PASS,227,0,0,5489,0,5716,3.97,9,5716
transition,CASE_RANDOM_STAGE_seed04,RANDOM_STAGE,AES_CONTROL,PASS,6,0,0,2,0,8,75.0,3,8
transition,CASE_RANDOM_STAGE_seed04,RANDOM_STAGE,AES_OTHER,PASS,1796,0,0,3892,0,5688,31.58,11,5688
transition,CASE_RANDOM_STAGE_seed05,RANDOM_STAGE,IARK_CONE,PASS,144,0,1,1809,0,1954,7.37,4,1954
transition,CASE_RANDOM_STAGE_seed05,RANDOM_STAGE,SB_CONE,PASS,112,0,0,58320,0,58432,0.19,5,58432
transition,CASE_RANDOM_STAGE_seed05,RANDOM_STAGE,SR_CONE,PASS,220,0,0,848,0,1068,20.6,10,1068
transition,CASE_RANDOM_STAGE_seed05,RANDOM_STAGE,MC_CONE,PASS,217,0,0,5499,0,5716,3.8,9,5716
transition,CASE_RANDOM_STAGE_seed05,RANDOM_STAGE,AES_CONTROL,PASS,6,0,0,2,0,8,75.0,3,8
transition,CASE_RANDOM_STAGE_seed05,RANDOM_STAGE,AES_OTHER,PASS,1792,0,0,3896,0,5688,31.5,9,5688
transition,CASE_RANDOM_STAGE_seed06,RANDOM_STAGE,IARK_CONE,PASS,116,0,1,1837,0,1954,5.94,6,1954
transition,CASE_RANDOM_STAGE_seed06,RANDOM_STAGE,SB_CONE,PASS,164,0,0,58268,0,58432,0.28,7,58432
transition,CASE_RANDOM_STAGE_seed06,RANDOM_STAGE,SR_CONE,PASS,200,0,0,868,0,1068,18.73,11,1068
transition,CASE_RANDOM_STAGE_seed06,RANDOM_STAGE,MC_CONE,PASS,207,0,0,5509,0,5716,3.62,8,5716
transition,CASE_RANDOM_STAGE_seed06,RANDOM_STAGE,AES_CONTROL,PASS,6,0,0,2,0,8,75.0,3,8
transition,CASE_RANDOM_STAGE_seed06,RANDOM_STAGE,AES_OTHER,PASS,1792,0,0,3896,0,5688,31.5,12,5688
transition,CASE_RANDOM_STAGE_seed07,RANDOM_STAGE,IARK_CONE,PASS,140,0,1,1813,0,1954,7.17,6,1954
transition,CASE_RANDOM_STAGE_seed07,RANDOM_STAGE,SB_CONE,PASS,170,0,0,58262,0,58432,0.29,6,58432
transition,CASE_RANDOM_STAGE_seed07,RANDOM_STAGE,SR_CONE,PASS,152,0,0,916,0,1068,14.23,12,1068
transition,CASE_RANDOM_STAGE_seed07,RANDOM_STAGE,MC_CONE,PASS,187,0,0,5518,11,5716,3.27,7,5716
transition,CASE_RANDOM_STAGE_seed07,RANDOM_STAGE,AES_CONTROL,PASS,6,0,0,2,0,8,75.0,3,8
transition,CASE_RANDOM_STAGE_seed07,RANDOM_STAGE,AES_OTHER,PASS,1792,0,0,3896,0,5688,31.5,13,5688
transition,CASE_RANDOM_STAGE_seed08,RANDOM_STAGE,IARK_CONE,PASS,140,0,1,1813,0,1954,7.17,5,1954
transition,CASE_RANDOM_STAGE_seed08,RANDOM_STAGE,SB_CONE,PASS,136,0,0,58241,55,58432,0.23,5,58432
transition,CASE_RANDOM_STAGE_seed08,RANDOM_STAGE,SR_CONE,PASS,164,0,0,904,0,1068,15.36,10,1068
transition,CASE_RANDOM_STAGE_seed08,RANDOM_STAGE,MC_CONE,PASS,232,0,0,5484,0,5716,4.06,9,5716
transition,CASE_RANDOM_STAGE_seed08,RANDOM_STAGE,AES_CONTROL,PASS,6,0,0,2,0,8,75.0,3,8
transition,CASE_RANDOM_STAGE_seed08,RANDOM_STAGE,AES_OTHER,PASS,1792,0,0,3896,0,5688,31.5,12,5688
transition,CASE_RANDOM_STAGE_seed09,RANDOM_STAGE,IARK_CONE,PASS,172,0,1,1754,27,1954,8.81,4,1954
transition,CASE_RANDOM_STAGE_seed09,RANDOM_STAGE,SB_CONE,PASS,152,0,0,58280,0,58432,0.26,7,58432
transition,CASE_RANDOM_STAGE_seed09,RANDOM_STAGE,SR_CONE,PASS,176,0,0,892,0,1068,16.48,11,1068
transition,CASE_RANDOM_STAGE_seed09,RANDOM_STAGE,MC_CONE,PASS,167,0,0,5549,0,5716,2.92,6,5716
transition,CASE_RANDOM_STAGE_seed09,RANDOM_STAGE,AES_CONTROL,PASS,6,0,0,2,0,8,75.0,4,8
transition,CASE_RANDOM_STAGE_seed09,RANDOM_STAGE,AES_OTHER,PASS,1792,0,0,3896,0,5688,31.5,11,5688
transition,CASE_RANDOM_STAGE_seed10,RANDOM_STAGE,IARK_CONE,PASS,128,0,1,1825,0,1954,6.55,5,1954
transition,CASE_RANDOM_STAGE_seed10,RANDOM_STAGE,SB_CONE,PASS,112,0,0,58320,0,58432,0.19,5,58432
transition,CASE_RANDOM_STAGE_seed10,RANDOM_STAGE,SR_CONE,PASS,172,0,0,896,0,1068,16.1,9,1068
transition,CASE_RANDOM_STAGE_seed10,RANDOM_STAGE,MC_CONE,PASS,247,0,0,5469,0,5716,4.32,8,5716
transition,CASE_RANDOM_STAGE_seed10,RANDOM_STAGE,AES_CONTROL,PASS,6,0,0,2,0,8,75.0,3,8
transition,CASE_RANDOM_STAGE_seed10,RANDOM_STAGE,AES_OTHER,PASS,1792,0,0,3896,0,5688,31.5,13,5688
transition,CASE_MIX_MC_000,MIX_MC,IARK_CONE,PASS,512,0,1,1441,0,1954,26.22,6,1954
transition,CASE_MIX_MC_000,MIX_MC,SB_CONE,PASS,4,0,0,58428,0,58432,0.01,3,58432
transition,CASE_MIX_MC_000,MIX_MC,SR_CONE,PASS,8,0,0,1060,0,1068,0.75,3,1068
transition,CASE_MIX_MC_000,MIX_MC,MC_CONE,PASS,24,0,0,5692,0,5716,0.42,3,5716
transition,CASE_MIX_MC_000,MIX_MC,AES_CONTROL,PASS,6,0,0,2,0,8,75.0,4,8
transition,CASE_MIX_MC_000,MIX_MC,AES_OTHER,PASS,1792,0,0,3896,0,5688,31.5,7,5688
transition,CASE_MIX_MC_032,MIX_MC,IARK_CONE,PASS,384,0,1,1569,0,1954,19.66,7,1954
transition,CASE_MIX_MC_032,MIX_MC,SB_CONE,PASS,4,0,0,58428,0,58432,0.01,3,58432
transition,CASE_MIX_MC_032,MIX_MC,SR_CONE,PASS,8,0,0,1060,0,1068,0.75,3,1068
transition,CASE_MIX_MC_032,MIX_MC,MC_CONE,PASS,204,0,0,5512,0,5716,3.57,9,5716
transition,CASE_MIX_MC_032,MIX_MC,AES_CONTROL,PASS,6,0,0,2,0,8,75.0,3,8
transition,CASE_MIX_MC_032,MIX_MC,AES_OTHER,PASS,1792,0,0,3896,0,5688,31.5,7,5688
transition,CASE_MIX_MC_064,MIX_MC,IARK_CONE,PASS,256,0,1,1697,0,1954,13.11,7,1954
transition,CASE_MIX_MC_064,MIX_MC,SB_CONE,PASS,4,0,0,58428,0,58432,0.01,2,58432
transition,CASE_MIX_MC_064,MIX_MC,SR_CONE,PASS,8,0,0,1060,0,1068,0.75,3,1068
transition,CASE_MIX_MC_064,MIX_MC,MC_CONE,PASS,370,0,0,5323,23,5716,6.47,9,5716
transition,CASE_MIX_MC_064,MIX_MC,AES_CONTROL,PASS,6,0,0,2,0,8,75.0,3,8
transition,CASE_MIX_MC_064,MIX_MC,AES_OTHER,PASS,1792,0,0,3896,0,5688,31.5,6,5688
transition,CASE_MIX_MC_096,MIX_MC,IARK_CONE,PASS,128,0,1,1825,0,1954,6.55,6,1954
transition,CASE_MIX_MC_096,MIX_MC,SB_CONE,PASS,4,0,0,58428,0,58432,0.01,3,58432
transition,CASE_MIX_MC_096,MIX_MC,SR_CONE,PASS,8,0,0,1060,0,1068,0.75,3,1068
transition,CASE_MIX_MC_096,MIX_MC,MC_CONE,PASS,532,0,0,5184,0,5716,9.31,10,5716
transition,CASE_MIX_MC_096,MIX_MC,AES_CONTROL,PASS,6,0,0,2,0,8,75.0,3,8
transition,CASE_MIX_MC_096,MIX_MC,AES_OTHER,PASS,1792,0,0,3896,0,5688,31.5,6,5688
transition,CASE_MIX_MC_128,MIX_MC,IARK_CONE,PASS,0,0,1,1953,0,1954,0.0,1,1954
transition,CASE_MIX_MC_128,MIX_MC,SB_CONE,PASS,4,0,0,58428,0,58432,0.01,3,58432
transition,CASE_MIX_MC_128,MIX_MC,SR_CONE,PASS,8,0,0,1060,0,1068,0.75,2,1068
transition,CASE_MIX_MC_128,MIX_MC,MC_CONE,PASS,692,0,0,5024,0,5716,12.11,11,5716
transition,CASE_MIX_MC_128,MIX_MC,AES_CONTROL,PASS,6,0,0,2,0,8,75.0,3,8
transition,CASE_MIX_MC_128,MIX_MC,AES_OTHER,PASS,1792,0,0,3896,0,5688,31.5,7,5688
transition,CASE_AUTO_STAGE,AUTO_STAGE,IARK_CONE,PASS,320,0,1,1574,59,1954,16.39,5,1954
transition,CASE_AUTO_STAGE,AUTO_STAGE,SB_CONE,PASS,4,0,0,58428,0,58432,0.01,3,58432
transition,CASE_AUTO_STAGE,AUTO_STAGE,SR_CONE,PASS,200,0,0,868,0,1068,18.73,10,1068
transition,CASE_AUTO_STAGE,AUTO_STAGE,MC_CONE,PASS,24,0,0,5692,0,5716,0.42,3,5716
transition,CASE_AUTO_STAGE,AUTO_STAGE,AES_CONTROL,PASS,6,0,0,2,0,8,75.0,3,8
transition,CASE_AUTO_STAGE,AUTO_STAGE,AES_OTHER,PASS,1792,0,0,3896,0,5688,31.5,9,5688
