attack8_case_id,source_phase,source_case_id,tap_count,cand_a,cand_b,cand_c,cand_d,stage_pair,topology_class,expected_risk_class,source_selection_reason,proof_ambiguity_runs,proof_unique_runs,unresolved_runs,source_min_query,source_max_query,attack8_selection_reason
p7_3b_3bit_early__SB_12__SB_57__SR_12,7,3bit_early__SB_12__SB_57__SR_12,3,SB_12,SB_57,SR_12,,,early_only,early_only,early_only_hard_case,3,0,0,128,128,all_directly_resolved_runs_ambiguous
p7_3b_3bit_early__SB_114__SB_125__SB_71,7,3bit_early__SB_114__SB_125__SB_71,3,SB_114,SB_125,SB_71,,,early_only,early_only,early_only_hard_case,3,0,0,192,255,all_directly_resolved_runs_ambiguous
p7_3b_3bit_early__SB_44__SB_52__SR_88,7,3bit_early__SB_44__SB_52__SR_88,3,SB_44,SB_52,SR_88,,,early_only,early_only,early_only_hard_case,3,0,0,192,192,all_directly_resolved_runs_ambiguous
p7_3b_3bit_early__SB_15__SB_16__SB_47,7,3bit_early__SB_15__SB_16__SB_47,3,SB_15,SB_16,SB_47,,,early_only,early_only,early_only_hard_case,3,0,0,128,128,all_directly_resolved_runs_ambiguous
p7_3b_3bit_early__SB_111__SB_119__SB_13,7,3bit_early__SB_111__SB_119__SB_13,3,SB_111,SB_119,SB_13,,,early_only,early_only,early_only_hard_case,3,0,0,192,192,all_directly_resolved_runs_ambiguous
p7_3b_3bit_early__SB_101__SB_112__SR_86,7,3bit_early__SB_101__SB_112__SR_86,3,SB_101,SB_112,SR_86,,,early_only,early_only,early_only_hard_case,3,0,0,128,192,all_directly_resolved_runs_ambiguous
p7_3b_3bit_early__SB_3__SR_101__SR_14,7,3bit_early__SB_3__SR_101__SR_14,3,SB_3,SR_101,SR_14,,,early_only,early_only,early_only_hard_case,3,0,0,128,128,all_directly_resolved_runs_ambiguous
p7_3b_3bit_early__SB_81__SR_46__SR_88,7,3bit_early__SB_81__SR_46__SR_88,3,SB_81,SR_46,SR_88,,,early_only,early_only,early_only_hard_case,3,0,0,128,128,all_directly_resolved_runs_ambiguous
p7_3b_3bit_early__SB_110__SB_79__SR_14,7,3bit_early__SB_110__SB_79__SR_14,3,SB_110,SB_79,SR_14,,,early_only,early_only,early_only_hard_case,3,0,0,192,192,all_directly_resolved_runs_ambiguous
p7_3b_3bit_early__SB_47__SB_52__SR_44,7,3bit_early__SB_47__SB_52__SR_44,3,SB_47,SB_52,SR_44,,,early_only,early_only,early_only_hard_case,3,0,0,128,192,all_directly_resolved_runs_ambiguous
p7_3b_3bit_early__SB_49__SR_55__SR_66,7,3bit_early__SB_49__SR_55__SR_66,3,SB_49,SR_55,SR_66,,,early_only,early_only,early_only_hard_case,3,0,0,128,192,all_directly_resolved_runs_ambiguous
p7_3b_3bit_early__SB_22__SR_48__SR_7,7,3bit_early__SB_22__SR_48__SR_7,3,SB_22,SR_48,SR_7,,,early_only,early_only,early_only_hard_case,3,0,0,128,192,all_directly_resolved_runs_ambiguous
p7_3b_3bit_early__SB_63__SR_107__SR_65,7,3bit_early__SB_63__SR_107__SR_65,3,SB_63,SR_107,SR_65,,,early_only,early_only,early_only_hard_case,3,0,0,192,192,all_directly_resolved_runs_ambiguous
p7_3b_3bit_early__SB_40__SR_22__SR_57,7,3bit_early__SB_40__SR_22__SR_57,3,SB_40,SR_22,SR_57,,,early_only,early_only,early_only_hard_case,3,0,0,128,255,all_directly_resolved_runs_ambiguous
p7_3b_3bit_early__SB_23__SB_35__SB_98,7,3bit_early__SB_23__SB_35__SB_98,3,SB_23,SB_35,SB_98,,,early_only,early_only,early_only_hard_case,3,0,0,128,192,all_directly_resolved_runs_ambiguous
p7_3b_3bit_early__SB_116__SB_40__SR_20,7,3bit_early__SB_116__SB_40__SR_20,3,SB_116,SB_40,SR_20,,,early_only,early_only,early_only_hard_case,3,0,0,255,255,all_directly_resolved_runs_ambiguous
p7_3b_3bit_early__SB_119__SB_51__SR_66,7,3bit_early__SB_119__SB_51__SR_66,3,SB_119,SB_51,SR_66,,,early_only,early_only,early_only_hard_case,3,0,0,128,128,all_directly_resolved_runs_ambiguous
p7_3b_3bit_early__SR_104__SR_14__SR_58,7,3bit_early__SR_104__SR_14__SR_58,3,SR_104,SR_14,SR_58,,,early_only,early_only,early_only_hard_case,3,0,0,128,128,all_directly_resolved_runs_ambiguous
p7_3b_3bit_early__SB_83__SR_53__SR_61,7,3bit_early__SB_83__SR_53__SR_61,3,SB_83,SR_53,SR_61,,,early_only,early_only,early_only_hard_case,3,0,0,192,255,all_directly_resolved_runs_ambiguous
p7_3b_3bit_early__SB_107__SB_36__SR_8,7,3bit_early__SB_107__SB_36__SR_8,3,SB_107,SB_36,SR_8,,,early_only,early_only,early_only_hard_case,3,0,0,128,192,all_directly_resolved_runs_ambiguous
p7_3b_3bit_early__SB_125__SB_83__SB_87,7,3bit_early__SB_125__SB_83__SB_87,3,SB_125,SB_83,SB_87,,,early_only,early_only,early_only_hard_case,3,0,0,128,192,all_directly_resolved_runs_ambiguous
p7_3b_3bit_early__SR_10__SR_108__SR_66,7,3bit_early__SR_10__SR_108__SR_66,3,SR_10,SR_108,SR_66,,,early_only,early_only,early_only_hard_case,3,0,0,128,192,all_directly_resolved_runs_ambiguous
p7_3b_3bit_early__SB_112__SB_28__SR_38,7,3bit_early__SB_112__SB_28__SR_38,3,SB_112,SB_28,SR_38,,,early_only,early_only,early_only_hard_case,3,0,0,192,192,all_directly_resolved_runs_ambiguous
p7_3b_3bit_early__SB_117__SB_16__SR_33,7,3bit_early__SB_117__SB_16__SR_33,3,SB_117,SB_16,SR_33,,,early_only,early_only,early_only_hard_case,3,0,0,192,255,all_directly_resolved_runs_ambiguous
p7_3b_3bit_early__SB_33__SR_77__SR_9,7,3bit_early__SB_33__SR_77__SR_9,3,SB_33,SR_77,SR_9,,,early_only,early_only,early_only_hard_case,3,0,0,128,192,all_directly_resolved_runs_ambiguous
p7_3b_3bit_early__SB_108__SR_127__SR_33,7,3bit_early__SB_108__SR_127__SR_33,3,SB_108,SR_127,SR_33,,,early_only,early_only,early_only_hard_case,3,0,0,128,192,all_directly_resolved_runs_ambiguous
p7_3b_3bit_early__SB_73__SR_106__SR_74,7,3bit_early__SB_73__SR_106__SR_74,3,SB_73,SR_106,SR_74,,,early_only,early_only,early_only_hard_case,3,0,0,192,192,all_directly_resolved_runs_ambiguous
p7_3b_3bit_early__SB_126__SB_71__SR_7,7,3bit_early__SB_126__SB_71__SR_7,3,SB_126,SB_71,SR_7,,,early_only,early_only,early_only_hard_case,3,0,0,128,128,all_directly_resolved_runs_ambiguous
p7_3b_3bit_early__SR_6__SR_76__SR_91,7,3bit_early__SR_6__SR_76__SR_91,3,SR_6,SR_76,SR_91,,,early_only,early_only,early_only_hard_case,3,0,0,255,255,all_directly_resolved_runs_ambiguous
p7_3b_3bit_early__SB_112__SB_70__SR_57,7,3bit_early__SB_112__SB_70__SR_57,3,SB_112,SB_70,SR_57,,,early_only,early_only,early_only_hard_case,3,0,0,192,255,all_directly_resolved_runs_ambiguous
p7_3b_3bit_early__SB_24__SB_46__SR_124,7,3bit_early__SB_24__SB_46__SR_124,3,SB_24,SB_46,SR_124,,,early_only,early_only,early_only_hard_case,3,0,0,128,192,all_directly_resolved_runs_ambiguous
p7_3b_3bit_early__SB_56__SB_78__SB_81,7,3bit_early__SB_56__SB_78__SB_81,3,SB_56,SB_78,SB_81,,,early_only,early_only,early_only_hard_case,3,0,0,128,128,all_directly_resolved_runs_ambiguous
p7_3b_3bit_early__SB_32__SR_69__SR_88,7,3bit_early__SB_32__SR_69__SR_88,3,SB_32,SR_69,SR_88,,,early_only,early_only,early_only_hard_case,3,0,0,128,128,all_directly_resolved_runs_ambiguous
p7_3b_3bit_early__SR_0__SR_111__SR_67,7,3bit_early__SR_0__SR_111__SR_67,3,SR_0,SR_111,SR_67,,,early_only,early_only,early_only_hard_case,3,0,0,128,128,all_directly_resolved_runs_ambiguous
p7_3b_3bit_early__SB_5__SB_58__SR_8,7,3bit_early__SB_5__SB_58__SR_8,3,SB_5,SB_58,SR_8,,,early_only,early_only,early_only_hard_case,3,0,0,128,192,all_directly_resolved_runs_ambiguous
p7_3b_3bit_early__SB_57__SR_22__SR_46,7,3bit_early__SB_57__SR_22__SR_46,3,SB_57,SR_22,SR_46,,,early_only,early_only,early_only_hard_case,3,0,0,128,128,all_directly_resolved_runs_ambiguous
p7_3b_3bit_early__SB_80__SR_104__SR_94,7,3bit_early__SB_80__SR_104__SR_94,3,SB_80,SR_104,SR_94,,,early_only,early_only,early_only_hard_case,3,0,0,192,192,all_directly_resolved_runs_ambiguous
p7_3b_3bit_early__SB_1__SB_91__SR_6,7,3bit_early__SB_1__SB_91__SR_6,3,SB_1,SB_91,SR_6,,,early_only,early_only,early_only_hard_case,3,0,0,128,128,all_directly_resolved_runs_ambiguous
p7_3b_3bit_early__SB_101__SB_54__SR_24,7,3bit_early__SB_101__SB_54__SR_24,3,SB_101,SB_54,SR_24,,,early_only,early_only,early_only_hard_case,3,0,0,128,128,all_directly_resolved_runs_ambiguous
p7_3b_3bit_early__SB_78__SB_82__SR_63,7,3bit_early__SB_78__SB_82__SR_63,3,SB_78,SB_82,SR_63,,,early_only,early_only,early_only_hard_case,3,0,0,192,192,all_directly_resolved_runs_ambiguous
p7_3b_3bit_early__SB_0__SR_122__SR_37,7,3bit_early__SB_0__SR_122__SR_37,3,SB_0,SR_122,SR_37,,,early_only,early_only,early_only_hard_case,3,0,0,192,192,all_directly_resolved_runs_ambiguous
p7_3b_3bit_early__SB_57__SB_9__SR_57,7,3bit_early__SB_57__SB_9__SR_57,3,SB_57,SB_9,SR_57,,,early_only,early_only,early_only_hard_case,3,0,0,192,192,all_directly_resolved_runs_ambiguous
p7_3b_3bit_early__SB_122__SB_29__SR_29,7,3bit_early__SB_122__SB_29__SR_29,3,SB_122,SB_29,SR_29,,,early_only,early_only,early_only_hard_case,3,0,0,128,128,all_directly_resolved_runs_ambiguous
p7_3b_3bit_early__SB_123__SB_40__SB_43,7,3bit_early__SB_123__SB_40__SB_43,3,SB_123,SB_40,SB_43,,,early_only,early_only,early_only_hard_case,3,0,0,128,128,all_directly_resolved_runs_ambiguous
p7_3b_3bit_early__SB_35__SB_64__SR_120,7,3bit_early__SB_35__SB_64__SR_120,3,SB_35,SB_64,SR_120,,,early_only,early_only,early_only_hard_case,3,0,0,128,128,all_directly_resolved_runs_ambiguous
p7_3b_3bit_early__SB_65__SB_84__SR_115,7,3bit_early__SB_65__SB_84__SR_115,3,SB_65,SB_84,SR_115,,,early_only,early_only,early_only_hard_case,3,0,0,128,192,all_directly_resolved_runs_ambiguous
p7_3b_3bit_early__SB_108__SR_7__SR_88,7,3bit_early__SB_108__SR_7__SR_88,3,SB_108,SR_7,SR_88,,,early_only,early_only,early_only_hard_case,3,0,0,192,255,all_directly_resolved_runs_ambiguous
p7_3b_3bit_early__SB_102__SR_31__SR_76,7,3bit_early__SB_102__SR_31__SR_76,3,SB_102,SR_31,SR_76,,,early_only,early_only,early_only_hard_case,3,0,0,128,128,all_directly_resolved_runs_ambiguous
p7_3b_3bit_early__SR_103__SR_63__SR_96,7,3bit_early__SR_103__SR_63__SR_96,3,SR_103,SR_63,SR_96,,,early_only,early_only,early_only_hard_case,3,0,0,128,128,all_directly_resolved_runs_ambiguous
p7_3b_3bit_early__SB_115__SB_126__SB_61,7,3bit_early__SB_115__SB_126__SB_61,3,SB_115,SB_126,SB_61,,,early_only,early_only,early_only_hard_case,3,0,0,128,192,all_directly_resolved_runs_ambiguous
p7_3b_3bit_early__SB_10__SB_32__SR_45,7,3bit_early__SB_10__SB_32__SR_45,3,SB_10,SB_32,SR_45,,,early_only,early_only,early_only_hard_case,3,0,0,192,192,all_directly_resolved_runs_ambiguous
p7_3b_3bit_early__SB_112__SB_117__SB_3,7,3bit_early__SB_112__SB_117__SB_3,3,SB_112,SB_117,SB_3,,,early_only,early_only,early_only_hard_case,3,0,0,128,192,all_directly_resolved_runs_ambiguous
p7_3b_3bit_early__SB_117__SB_30__SB_36,7,3bit_early__SB_117__SB_30__SB_36,3,SB_117,SB_30,SB_36,,,early_only,early_only,early_only_hard_case,3,0,0,192,255,all_directly_resolved_runs_ambiguous
p7_3b_3bit_early__SB_16__SB_34__SR_41,7,3bit_early__SB_16__SB_34__SR_41,3,SB_16,SB_34,SR_41,,,early_only,early_only,early_only_hard_case,3,0,0,128,192,all_directly_resolved_runs_ambiguous
p7_3b_3bit_early__SB_121__SB_36__SR_14,7,3bit_early__SB_121__SB_36__SR_14,3,SB_121,SB_36,SR_14,,,early_only,early_only,early_only_hard_case,3,0,0,128,192,all_directly_resolved_runs_ambiguous
p7_3b_3bit_early__SB_109__SB_67__SR_120,7,3bit_early__SB_109__SB_67__SR_120,3,SB_109,SB_67,SR_120,,,early_only,early_only,early_only_hard_case,3,0,0,128,128,all_directly_resolved_runs_ambiguous
p7_3b_3bit_early__SB_124__SR_114__SR_80,7,3bit_early__SB_124__SR_114__SR_80,3,SB_124,SR_114,SR_80,,,early_only,early_only,early_only_hard_case,3,0,0,128,192,all_directly_resolved_runs_ambiguous
p7_3b_3bit_early__SB_48__SB_49__SB_97,7,3bit_early__SB_48__SB_49__SB_97,3,SB_48,SB_49,SB_97,,,early_only,early_only,early_only_hard_case,3,0,0,128,128,all_directly_resolved_runs_ambiguous
p7_3b_3bit_early__SR_53__SR_88__SR_92,7,3bit_early__SR_53__SR_88__SR_92,3,SR_53,SR_88,SR_92,,,early_only,early_only,early_only_hard_case,3,0,0,128,255,all_directly_resolved_runs_ambiguous
p7_3b_3bit_early__SB_27__SR_111__SR_82,7,3bit_early__SB_27__SR_111__SR_82,3,SB_27,SR_111,SR_82,,,early_only,early_only,early_only_hard_case,3,0,0,128,192,all_directly_resolved_runs_ambiguous
p7_1_3b_3bit_gap_early__SB_24__SB_34__SB_38,7_1,3bit_gap_early__SB_24__SB_34__SB_38,3,SB_24,SB_34,SB_38,,,early_only,early_only,gap_early_only_hard_case,3,0,0,32,32,all_directly_resolved_runs_ambiguous
p7_1_3b_3bit_gap_early__SB_26__SB_68__SR_62,7_1,3bit_gap_early__SB_26__SB_68__SR_62,3,SB_26,SB_68,SR_62,,,early_only,early_only,gap_early_only_hard_case,3,0,0,32,32,all_directly_resolved_runs_ambiguous
p7_1_3b_3bit_gap_early__SB_95__SR_114__SR_78,7_1,3bit_gap_early__SB_95__SR_114__SR_78,3,SB_95,SR_114,SR_78,,,early_only,early_only,gap_early_only_hard_case,3,0,0,32,32,all_directly_resolved_runs_ambiguous
p7_1_3b_3bit_gap_early__SB_28__SR_14__SR_65,7_1,3bit_gap_early__SB_28__SR_14__SR_65,3,SB_28,SR_14,SR_65,,,early_only,early_only,gap_early_only_hard_case,3,0,0,32,32,all_directly_resolved_runs_ambiguous
p7_1_3b_3bit_gap_early__SB_5__SB_73__SR_82,7_1,3bit_gap_early__SB_5__SB_73__SR_82,3,SB_5,SB_73,SR_82,,,early_only,early_only,gap_early_only_hard_case,3,0,0,32,32,all_directly_resolved_runs_ambiguous
p7_1_3b_3bit_gap_early__SB_5__SR_106__SR_55,7_1,3bit_gap_early__SB_5__SR_106__SR_55,3,SB_5,SR_106,SR_55,,,early_only,early_only,gap_early_only_hard_case,3,0,0,32,32,all_directly_resolved_runs_ambiguous
p7_1_3b_3bit_gap_early__SB_30__SR_102__SR_6,7_1,3bit_gap_early__SB_30__SR_102__SR_6,3,SB_30,SR_102,SR_6,,,early_only,early_only,gap_early_only_hard_case,3,0,0,32,32,all_directly_resolved_runs_ambiguous
p7_1_3b_3bit_gap_early__SB_101__SB_59__SB_67,7_1,3bit_gap_early__SB_101__SB_59__SB_67,3,SB_101,SB_59,SB_67,,,early_only,early_only,gap_early_only_hard_case,3,0,0,32,32,all_directly_resolved_runs_ambiguous
p7_1_3b_3bit_gap_early__SR_100__SR_109__SR_120,7_1,3bit_gap_early__SR_100__SR_109__SR_120,3,SR_100,SR_109,SR_120,,,early_only,early_only,gap_early_only_hard_case,3,0,0,32,32,all_directly_resolved_runs_ambiguous
p7_1_3b_3bit_gap_early__SB_125__SB_48__SB_5,7_1,3bit_gap_early__SB_125__SB_48__SB_5,3,SB_125,SB_48,SB_5,,,early_only,early_only,gap_early_only_hard_case,3,0,0,32,32,all_directly_resolved_runs_ambiguous
p7_1_3b_3bit_gap_early__SR_10__SR_67__SR_79,7_1,3bit_gap_early__SR_10__SR_67__SR_79,3,SR_10,SR_67,SR_79,,,early_only,early_only,gap_early_only_hard_case,3,0,0,32,32,all_directly_resolved_runs_ambiguous
p7_1_3b_3bit_gap_early__SR_103__SR_36__SR_95,7_1,3bit_gap_early__SR_103__SR_36__SR_95,3,SR_103,SR_36,SR_95,,,early_only,early_only,gap_early_only_hard_case,3,0,0,32,32,all_directly_resolved_runs_ambiguous
p7_1_3b_3bit_gap_early__SB_68__SB_96__SR_51,7_1,3bit_gap_early__SB_68__SB_96__SR_51,3,SB_68,SB_96,SR_51,,,early_only,early_only,gap_early_only_hard_case,3,0,0,32,32,all_directly_resolved_runs_ambiguous
p7_1_3b_3bit_gap_early__SB_120__SB_82__SR_47,7_1,3bit_gap_early__SB_120__SB_82__SR_47,3,SB_120,SB_82,SR_47,,,early_only,early_only,gap_early_only_hard_case,3,0,0,32,32,all_directly_resolved_runs_ambiguous
p7_1_3b_3bit_gap_early__SB_68__SR_126__SR_52,7_1,3bit_gap_early__SB_68__SR_126__SR_52,3,SB_68,SR_126,SR_52,,,early_only,early_only,gap_early_only_hard_case,3,0,0,32,32,all_directly_resolved_runs_ambiguous
p7_1_3b_3bit_gap_early__SB_12__SR_127__SR_4,7_1,3bit_gap_early__SB_12__SR_127__SR_4,3,SB_12,SR_127,SR_4,,,early_only,early_only,gap_early_only_hard_case,3,0,0,32,32,all_directly_resolved_runs_ambiguous
p7_1_3b_3bit_gap_early__SB_30__SR_102__SR_38,7_1,3bit_gap_early__SB_30__SR_102__SR_38,3,SB_30,SR_102,SR_38,,,early_only,early_only,gap_early_only_hard_case,3,0,0,32,32,all_directly_resolved_runs_ambiguous
p7_1_3b_3bit_gap_early__SB_0__SB_30__SB_89,7_1,3bit_gap_early__SB_0__SB_30__SB_89,3,SB_0,SB_30,SB_89,,,early_only,early_only,gap_early_only_hard_case,3,0,0,32,32,all_directly_resolved_runs_ambiguous
p7_1_3b_3bit_gap_early__SB_13__SB_62__SR_39,7_1,3bit_gap_early__SB_13__SB_62__SR_39,3,SB_13,SB_62,SR_39,,,early_only,early_only,gap_early_only_hard_case,3,0,0,32,32,all_directly_resolved_runs_ambiguous
p7_1_3b_3bit_gap_early__SR_21__SR_3__SR_67,7_1,3bit_gap_early__SR_21__SR_3__SR_67,3,SR_21,SR_3,SR_67,,,early_only,early_only,gap_early_only_hard_case,3,0,0,32,32,all_directly_resolved_runs_ambiguous
p7_1_3b_3bit_gap_early__SB_108__SB_121__SR_16,7_1,3bit_gap_early__SB_108__SB_121__SR_16,3,SB_108,SB_121,SR_16,,,early_only,early_only,gap_early_only_hard_case,3,0,0,32,32,all_directly_resolved_runs_ambiguous
p7_1_3b_3bit_gap_early__SB_106__SR_1__SR_16,7_1,3bit_gap_early__SB_106__SR_1__SR_16,3,SB_106,SR_1,SR_16,,,early_only,early_only,gap_early_only_hard_case,3,0,0,32,32,all_directly_resolved_runs_ambiguous
p7_1_3b_3bit_gap_early__SB_69__SB_90__SR_89,7_1,3bit_gap_early__SB_69__SB_90__SR_89,3,SB_69,SB_90,SR_89,,,early_only,early_only,gap_early_only_hard_case,3,0,0,32,32,all_directly_resolved_runs_ambiguous
p7_1_3b_3bit_gap_early__SR_0__SR_51__SR_88,7_1,3bit_gap_early__SR_0__SR_51__SR_88,3,SR_0,SR_51,SR_88,,,early_only,early_only,gap_early_only_hard_case,3,0,0,32,32,all_directly_resolved_runs_ambiguous
p7_1_3b_3bit_gap_early__SB_47__SB_50__SR_44,7_1,3bit_gap_early__SB_47__SB_50__SR_44,3,SB_47,SB_50,SR_44,,,early_only,early_only,gap_early_only_hard_case,3,0,0,32,32,all_directly_resolved_runs_ambiguous
p7_1_3b_3bit_gap_early__SR_103__SR_119__SR_81,7_1,3bit_gap_early__SR_103__SR_119__SR_81,3,SR_103,SR_119,SR_81,,,early_only,early_only,gap_early_only_hard_case,3,0,0,32,32,all_directly_resolved_runs_ambiguous
p7_1_3b_3bit_gap_weak_late__ARK_2__ARK_26__MC_22,7_1,3bit_gap_weak_late__ARK_2__ARK_26__MC_22,3,ARK_2,ARK_26,MC_22,,,weak_same_column,weak_same_column,gap_weak_same_column_hard_case,3,0,0,32,32,all_directly_resolved_runs_ambiguous
p7_1_3b_3bit_gap_weak_late__ARK_28__MC_28__MC_7,7_1,3bit_gap_weak_late__ARK_28__MC_28__MC_7,3,ARK_28,MC_28,MC_7,,,weak_same_column,weak_same_column,gap_weak_same_column_hard_case,3,0,0,32,32,all_directly_resolved_runs_ambiguous
p7_1_3b_3bit_gap_mixed__MC_80__SB_114__SR_125,7_1,3bit_gap_mixed__MC_80__SB_114__SR_125,3,MC_80,SB_114,SR_125,,,early_late_mixed,early_late_mixed,gap_early_late_mixed_hard_case,3,0,0,32,32,all_directly_resolved_runs_ambiguous
p7_1_3b_3bit_gap_mixed__MC_54__SB_11__SR_68,7_1,3bit_gap_mixed__MC_54__SB_11__SR_68,3,MC_54,SB_11,SR_68,,,early_late_mixed,early_late_mixed,gap_early_late_mixed_hard_case,3,0,0,32,32,all_directly_resolved_runs_ambiguous
p7_1_3b_3bit_gap_mixed__ARK_78__MC_64__SR_87,7_1,3bit_gap_mixed__ARK_78__MC_64__SR_87,3,ARK_78,MC_64,SR_87,,,early_late_mixed,early_late_mixed,gap_early_late_mixed_hard_case,3,0,0,32,32,all_directly_resolved_runs_ambiguous
p7_1_3b_3bit_gap_mixed__ARK_20__SB_58__SR_98,7_1,3bit_gap_mixed__ARK_20__SB_58__SR_98,3,ARK_20,SB_58,SR_98,,,early_late_mixed,early_late_mixed,gap_early_late_mixed_hard_case,3,0,0,32,32,all_directly_resolved_runs_ambiguous
p7_1_3b_3bit_gap_mixed__ARK_96__SB_50__SR_58,7_1,3bit_gap_mixed__ARK_96__SB_50__SR_58,3,ARK_96,SB_50,SR_58,,,early_late_mixed,early_late_mixed,gap_early_late_mixed_hard_case,3,0,0,32,32,all_directly_resolved_runs_ambiguous
p7_1_3b_3bit_gap_mixed__MC_64__SR_109__SR_125,7_1,3bit_gap_mixed__MC_64__SR_109__SR_125,3,MC_64,SR_109,SR_125,,,early_late_mixed,early_late_mixed,gap_early_late_mixed_hard_case,3,0,0,32,32,all_directly_resolved_runs_ambiguous
p7_1_3b_3bit_gap_mixed__MC_22__SB_23__SR_4,7_1,3bit_gap_mixed__MC_22__SB_23__SR_4,3,MC_22,SB_23,SR_4,,,early_late_mixed,early_late_mixed,gap_early_late_mixed_hard_case,3,0,0,32,32,all_directly_resolved_runs_ambiguous
p7_1_3b_3bit_gap_mixed__ARK_101__MC_110__SR_33,7_1,3bit_gap_mixed__ARK_101__MC_110__SR_33,3,ARK_101,MC_110,SR_33,,,early_late_mixed,early_late_mixed,gap_early_late_mixed_hard_case,3,0,0,32,32,all_directly_resolved_runs_ambiguous
p7_1_3b_3bit_gap_mixed__ARK_36__ARK_48__SR_55,7_1,3bit_gap_mixed__ARK_36__ARK_48__SR_55,3,ARK_36,ARK_48,SR_55,,,early_late_mixed,early_late_mixed,gap_early_late_mixed_hard_case,3,0,0,32,32,all_directly_resolved_runs_ambiguous
p7_1_3b_3bit_gap_mixed__ARK_99__SR_124__SR_24,7_1,3bit_gap_mixed__ARK_99__SR_124__SR_24,3,ARK_99,SR_124,SR_24,,,early_late_mixed,early_late_mixed,gap_early_late_mixed_hard_case,3,0,0,32,32,all_directly_resolved_runs_ambiguous
p7_1_3b_3bit_gap_mixed__ARK_68__MC_78__SB_93,7_1,3bit_gap_mixed__ARK_68__MC_78__SB_93,3,ARK_68,MC_78,SB_93,,,early_late_mixed,early_late_mixed,gap_early_late_mixed_hard_case,3,0,0,32,32,all_directly_resolved_runs_ambiguous
p7_1_3b_3bit_gap_mixed__MC_123__SB_5__SR_12,7_1,3bit_gap_mixed__MC_123__SB_5__SR_12,3,MC_123,SB_5,SR_12,,,early_late_mixed,early_late_mixed,gap_early_late_mixed_hard_case,3,0,0,32,32,all_directly_resolved_runs_ambiguous
p7_1_3b_3bit_gap_mixed__ARK_66__MC_91__SR_98,7_1,3bit_gap_mixed__ARK_66__MC_91__SR_98,3,ARK_66,MC_91,SR_98,,,early_late_mixed,early_late_mixed,gap_early_late_mixed_hard_case,3,0,0,32,32,all_directly_resolved_runs_ambiguous
p7_1_3b_3bit_gap_mixed__ARK_121__ARK_99__SR_102,7_1,3bit_gap_mixed__ARK_121__ARK_99__SR_102,3,ARK_121,ARK_99,SR_102,,,early_late_mixed,early_late_mixed,gap_early_late_mixed_hard_case,3,0,0,32,32,all_directly_resolved_runs_ambiguous
p7_1_3b_3bit_gap_mixed__ARK_18__SR_33__SR_75,7_1,3bit_gap_mixed__ARK_18__SR_33__SR_75,3,ARK_18,SR_33,SR_75,,,early_late_mixed,early_late_mixed,gap_early_late_mixed_hard_case,3,0,0,32,32,all_directly_resolved_runs_ambiguous
p7_1_3b_3bit_gap_mixed__ARK_11__MC_22__SB_127,7_1,3bit_gap_mixed__ARK_11__MC_22__SB_127,3,ARK_11,MC_22,SB_127,,,early_late_mixed,early_late_mixed,gap_early_late_mixed_hard_case,3,0,0,32,32,all_directly_resolved_runs_ambiguous
p7_1_3b_3bit_gap_mixed__ARK_38__SB_117__SB_28,7_1,3bit_gap_mixed__ARK_38__SB_117__SB_28,3,ARK_38,SB_117,SB_28,,,early_late_mixed,early_late_mixed,gap_early_late_mixed_hard_case,3,0,0,32,32,all_directly_resolved_runs_ambiguous
p7_1_3b_3bit_gap_mixed__ARK_34__SB_106__SB_115,7_1,3bit_gap_mixed__ARK_34__SB_106__SB_115,3,ARK_34,SB_106,SB_115,,,early_late_mixed,early_late_mixed,gap_early_late_mixed_hard_case,3,0,0,32,32,all_directly_resolved_runs_ambiguous
p7_1_3b_3bit_gap_mixed__ARK_75__SB_88__SR_9,7_1,3bit_gap_mixed__ARK_75__SB_88__SR_9,3,ARK_75,SB_88,SR_9,,,early_late_mixed,early_late_mixed,gap_early_late_mixed_hard_case,3,0,0,32,32,all_directly_resolved_runs_ambiguous
p7_1_3b_3bit_gap_mixed__MC_91__MC_97__SR_67,7_1,3bit_gap_mixed__MC_91__MC_97__SR_67,3,MC_91,MC_97,SR_67,,,early_late_mixed,early_late_mixed,gap_early_late_mixed_hard_case,3,0,0,32,32,all_directly_resolved_runs_ambiguous
p7_1_3b_3bit_gap_mixed__MC_71__MC_94__SB_59,7_1,3bit_gap_mixed__MC_71__MC_94__SB_59,3,MC_71,MC_94,SB_59,,,early_late_mixed,early_late_mixed,gap_early_late_mixed_hard_case,3,0,0,32,32,all_directly_resolved_runs_ambiguous
p7_1_3b_3bit_gap_mixed__MC_55__SB_23__SR_39,7_1,3bit_gap_mixed__MC_55__SB_23__SR_39,3,MC_55,SB_23,SR_39,,,early_late_mixed,early_late_mixed,gap_early_late_mixed_hard_case,3,0,0,32,32,all_directly_resolved_runs_ambiguous
p7_1_3b_3bit_gap_mixed__ARK_71__MC_66__SR_16,7_1,3bit_gap_mixed__ARK_71__MC_66__SR_16,3,ARK_71,MC_66,SR_16,,,early_late_mixed,early_late_mixed,gap_early_late_mixed_hard_case,3,0,0,32,32,all_directly_resolved_runs_ambiguous
p7_1_3b_3bit_gap_mixed__ARK_23__MC_23__SR_15,7_1,3bit_gap_mixed__ARK_23__MC_23__SR_15,3,ARK_23,MC_23,SR_15,,,early_late_mixed,early_late_mixed,gap_early_late_mixed_hard_case,3,0,0,32,32,all_directly_resolved_runs_ambiguous
p7_1_3b_3bit_gap_mixed__ARK_93__SB_20__SR_66,7_1,3bit_gap_mixed__ARK_93__SB_20__SR_66,3,ARK_93,SB_20,SR_66,,,early_late_mixed,early_late_mixed,gap_early_late_mixed_hard_case,3,0,0,32,32,all_directly_resolved_runs_ambiguous
p7_1_3b_3bit_gap_mixed__ARK_3__SB_49__SB_9,7_1,3bit_gap_mixed__ARK_3__SB_49__SB_9,3,ARK_3,SB_49,SB_9,,,early_late_mixed,early_late_mixed,gap_early_late_mixed_hard_case,3,0,0,32,32,all_directly_resolved_runs_ambiguous
p7_1_3b_3bit_gap_mixed__ARK_102__SB_63__SB_85,7_1,3bit_gap_mixed__ARK_102__SB_63__SB_85,3,ARK_102,SB_63,SB_85,,,early_late_mixed,early_late_mixed,gap_early_late_mixed_hard_case,3,0,0,32,32,all_directly_resolved_runs_ambiguous
p7_1_3b_3bit_gap_mixed__MC_33__SB_120__SB_45,7_1,3bit_gap_mixed__MC_33__SB_120__SB_45,3,MC_33,SB_120,SB_45,,,early_late_mixed,early_late_mixed,gap_early_late_mixed_hard_case,3,0,0,32,32,all_directly_resolved_runs_ambiguous
p7_1_3b_3bit_gap_mixed__MC_117__SB_56__SR_127,7_1,3bit_gap_mixed__MC_117__SB_56__SR_127,3,MC_117,SB_56,SR_127,,,early_late_mixed,early_late_mixed,gap_early_late_mixed_hard_case,3,0,0,32,32,all_directly_resolved_runs_ambiguous
p7_1_3b_3bit_gap_mixed__ARK_32__MC_58__SR_36,7_1,3bit_gap_mixed__ARK_32__MC_58__SR_36,3,ARK_32,MC_58,SR_36,,,early_late_mixed,early_late_mixed,gap_early_late_mixed_hard_case,3,0,0,32,32,all_directly_resolved_runs_ambiguous
p7_1_3b_3bit_gap_mixed__MC_29__SB_31__SB_35,7_1,3bit_gap_mixed__MC_29__SB_31__SB_35,3,MC_29,SB_31,SB_35,,,early_late_mixed,early_late_mixed,gap_early_late_mixed_hard_case,3,0,0,32,32,all_directly_resolved_runs_ambiguous
p7_1_3b_3bit_gap_mixed__MC_46__MC_48__SB_110,7_1,3bit_gap_mixed__MC_46__MC_48__SB_110,3,MC_46,MC_48,SB_110,,,early_late_mixed,early_late_mixed,gap_early_late_mixed_hard_case,3,0,0,32,32,all_directly_resolved_runs_ambiguous
p7_1_3b_3bit_gap_mixed__MC_39__SR_127__SR_75,7_1,3bit_gap_mixed__MC_39__SR_127__SR_75,3,MC_39,SR_127,SR_75,,,early_late_mixed,early_late_mixed,gap_early_late_mixed_hard_case,3,0,0,32,32,all_directly_resolved_runs_ambiguous
p7_1_3b_3bit_gap_mixed__ARK_72__SB_85__SB_98,7_1,3bit_gap_mixed__ARK_72__SB_85__SB_98,3,ARK_72,SB_85,SB_98,,,early_late_mixed,early_late_mixed,gap_early_late_mixed_hard_case,3,0,0,32,32,all_directly_resolved_runs_ambiguous
p7_1_3b_3bit_gap_mixed__ARK_68__SB_102__SR_30,7_1,3bit_gap_mixed__ARK_68__SB_102__SR_30,3,ARK_68,SB_102,SR_30,,,early_late_mixed,early_late_mixed,gap_early_late_mixed_hard_case,3,0,0,32,32,all_directly_resolved_runs_ambiguous
p7_1_3b_3bit_gap_mixed__ARK_126__SB_15__SB_79,7_1,3bit_gap_mixed__ARK_126__SB_15__SB_79,3,ARK_126,SB_15,SB_79,,,early_late_mixed,early_late_mixed,gap_early_late_mixed_hard_case,3,0,0,32,32,all_directly_resolved_runs_ambiguous
