pair_id,cand_a,cand_b,stage_pair,same_stage,same_byte,same_row,same_column,same_bit_in_byte,same_byte_farbit,same_col_samebit,same_col_diagbit,distinct_row,distinct_diag,scatter,potentially_redundant,expected_risk_class,selection_reason
SB_0__SB_1,SB_0,SB_1,SB-SB,1,1,1,1,0,0,0,0,0,0,0,0,early_only,prior_weak_reproduction
SB_0__SB_32,SB_0,SB_32,SB-SB,1,0,1,0,1,0,0,0,1,0,0,0,early_only,prior_weak_reproduction
SB_0__SB_41,SB_0,SB_41,SB-SB,1,0,0,0,0,0,0,0,0,1,0,0,early_only,prior_weak_reproduction
SB_0__SR_0,SB_0,SR_0,SB-SR,0,1,1,1,1,0,0,0,0,0,0,1,early_only,prior_weak_reproduction
SB_0__SR_1,SB_0,SR_1,SB-SR,0,1,1,1,0,0,0,0,0,0,0,0,early_only,prior_weak_reproduction
SB_0__SR_8,SB_0,SR_8,SB-SR,0,0,0,1,1,0,1,0,0,0,0,0,early_only,prior_weak_reproduction
SB_0__SR_32,SB_0,SR_32,SB-SR,0,0,1,0,1,0,0,0,1,0,0,0,early_only,prior_weak_reproduction
SB_0__SR_41,SB_0,SR_41,SB-SR,0,0,0,0,0,0,0,0,0,1,0,0,early_only,prior_weak_reproduction
SB_0__MC_0,SB_0,MC_0,SB-MC,0,1,1,1,1,0,0,0,0,0,0,0,early_late_mixed,redundancy_test
SB_0__MC_1,SB_0,MC_1,SB-MC,0,1,1,1,0,0,0,0,0,0,0,0,early_late_mixed,redundancy_test
SB_0__MC_32,SB_0,MC_32,SB-MC,0,0,1,0,1,0,0,0,1,0,0,0,early_late_mixed,early_late_complementarity
SB_0__MC_41,SB_0,MC_41,SB-MC,0,0,0,0,0,0,0,0,0,1,0,0,early_late_mixed,early_late_complementarity
SB_0__ARK_0,SB_0,ARK_0,SB-ARK,0,1,1,1,1,0,0,0,0,0,0,0,early_late_mixed,redundancy_test
SB_0__ARK_1,SB_0,ARK_1,SB-ARK,0,1,1,1,0,0,0,0,0,0,0,0,early_late_mixed,redundancy_test
SR_0__SR_1,SR_0,SR_1,SR-SR,1,1,1,1,0,0,0,0,0,0,0,0,early_only,prior_weak_reproduction
SR_0__SR_32,SR_0,SR_32,SR-SR,1,0,1,0,1,0,0,0,1,0,0,0,early_only,prior_weak_reproduction
SR_0__SR_41,SR_0,SR_41,SR-SR,1,0,0,0,0,0,0,0,0,1,0,0,early_only,prior_weak_reproduction
SR_0__MC_0,SR_0,MC_0,SR-MC,0,1,1,1,1,0,0,0,0,0,0,0,early_late_mixed,redundancy_test
SR_0__MC_1,SR_0,MC_1,SR-MC,0,1,1,1,0,0,0,0,0,0,0,0,early_late_mixed,redundancy_test
SR_0__MC_32,SR_0,MC_32,SR-MC,0,0,1,0,1,0,0,0,1,0,0,0,early_late_mixed,early_late_complementarity
SR_0__MC_41,SR_0,MC_41,SR-MC,0,0,0,0,0,0,0,0,0,1,0,0,early_late_mixed,early_late_complementarity
SR_0__ARK_0,SR_0,ARK_0,SR-ARK,0,1,1,1,1,0,0,0,0,0,0,0,early_late_mixed,redundancy_test
SR_0__ARK_1,SR_0,ARK_1,SR-ARK,0,1,1,1,0,0,0,0,0,0,0,0,early_late_mixed,redundancy_test
MC_0__MC_1,MC_0,MC_1,MC-MC,1,1,1,1,0,0,0,0,0,0,0,0,late_only,prior_strong_reproduction
MC_0__MC_7,MC_0,MC_7,MC-MC,1,1,1,1,0,1,0,0,0,0,0,0,late_only,prior_strong_reproduction
MC_0__MC_8,MC_0,MC_8,MC-MC,1,0,0,1,1,0,1,0,0,0,0,0,weak_same_column,weak_same_column
MC_0__MC_9,MC_0,MC_9,MC-MC,1,0,0,1,0,0,0,1,0,0,0,0,weak_same_column,weak_same_column
MC_0__MC_24,MC_0,MC_24,MC-MC,1,0,0,1,1,0,1,0,0,0,0,0,weak_same_column,weak_same_column
MC_0__MC_32,MC_0,MC_32,MC-MC,1,0,1,0,1,0,0,0,1,0,0,0,late_only,prior_strong_reproduction
MC_0__MC_41,MC_0,MC_41,MC-MC,1,0,0,0,0,0,0,0,0,1,0,0,late_only,prior_strong_reproduction
MC_0__ARK_0,MC_0,ARK_0,MC-ARK,0,1,1,1,1,0,0,0,0,0,0,1,redundant_late,redundancy_test
MC_0__ARK_1,MC_0,ARK_1,MC-ARK,0,1,1,1,0,0,0,0,0,0,0,0,late_only,prior_strong_reproduction
MC_0__ARK_8,MC_0,ARK_8,MC-ARK,0,0,0,1,1,0,1,0,0,0,0,0,weak_same_column,prior_strong_reproduction
MC_0__ARK_9,MC_0,ARK_9,MC-ARK,0,0,0,1,0,0,0,1,0,0,0,0,weak_same_column,weak_same_column
MC_0__ARK_32,MC_0,ARK_32,MC-ARK,0,0,1,0,1,0,0,0,1,0,0,0,late_only,prior_strong_reproduction
MC_0__ARK_41,MC_0,ARK_41,MC-ARK,0,0,0,0,0,0,0,0,0,1,0,0,late_only,prior_strong_reproduction
ARK_0__ARK_1,ARK_0,ARK_1,ARK-ARK,1,1,1,1,0,0,0,0,0,0,0,0,late_only,prior_strong_reproduction
ARK_0__ARK_8,ARK_0,ARK_8,ARK-ARK,1,0,0,1,1,0,1,0,0,0,0,0,weak_same_column,weak_same_column
ARK_0__ARK_9,ARK_0,ARK_9,ARK-ARK,1,0,0,1,0,0,0,1,0,0,0,0,weak_same_column,weak_same_column
ARK_0__ARK_32,ARK_0,ARK_32,ARK-ARK,1,0,1,0,1,0,0,0,1,0,0,0,late_only,prior_strong_reproduction
ARK_0__ARK_41,ARK_0,ARK_41,ARK-ARK,1,0,0,0,0,0,0,0,0,1,0,0,late_only,prior_strong_reproduction
SB_51__SB_91,SB_51,SB_91,SB-SB,1,0,0,0,1,0,0,0,0,0,1,0,early_only,random_stratified_sample
SB_7__SB_55,SB_7,SB_55,SB-SB,1,0,0,0,1,0,0,0,0,0,1,0,early_only,random_stratified_sample
SB_1__SB_82,SB_1,SB_82,SB-SB,1,0,0,0,0,0,0,0,0,0,1,0,early_only,random_stratified_sample
SB_63__SB_96,SB_63,SB_96,SB-SB,1,0,0,0,0,0,0,0,0,0,1,0,early_only,random_stratified_sample
SB_19__SB_36,SB_19,SB_36,SB-SB,1,0,0,0,0,0,0,0,0,0,1,0,early_only,random_stratified_sample
SB_16__SB_116,SB_16,SB_116,SB-SB,1,0,1,0,0,0,0,0,1,0,0,0,early_only,random_stratified_sample
SB_15__SB_49,SB_15,SB_49,SB-SB,1,0,0,0,0,0,0,0,0,0,1,0,early_only,random_stratified_sample
SB_9__SB_51,SB_9,SB_51,SB-SB,1,0,0,0,0,0,0,0,0,0,1,0,early_only,random_stratified_sample
SB_62__SB_123,SB_62,SB_123,SB-SB,1,0,1,0,0,0,0,0,1,0,0,0,early_only,random_stratified_sample
SB_6__SB_103,SB_6,SB_103,SB-SB,1,0,1,0,0,0,0,0,1,0,0,0,early_only,random_stratified_sample
SB_55__SB_110,SB_55,SB_110,SB-SB,1,0,0,0,0,0,0,0,0,0,1,0,early_only,random_stratified_sample
SB_63__SB_97,SB_63,SB_97,SB-SB,1,0,0,0,0,0,0,0,0,0,1,0,early_only,random_stratified_sample
SB_87__SB_103,SB_87,SB_103,SB-SB,1,0,0,0,1,0,0,0,0,0,1,0,early_only,random_stratified_sample
SB_42__SB_47,SB_42,SB_47,SB-SB,1,1,1,1,0,0,0,0,0,0,0,0,early_only,random_stratified_sample
SB_5__SB_97,SB_5,SB_97,SB-SB,1,0,1,0,0,0,0,0,1,0,0,0,early_only,random_stratified_sample
SB_46__SB_89,SB_46,SB_89,SB-SB,1,0,0,0,0,0,0,0,0,0,1,0,early_only,random_stratified_sample
SB_30__SB_123,SB_30,SB_123,SB-SB,1,0,1,0,0,0,0,0,1,0,0,0,early_only,random_stratified_sample
SB_4__SR_13,SB_4,SR_13,SB-SR,0,0,0,1,0,0,0,1,0,0,0,0,early_only,random_stratified_sample
SB_3__SR_109,SB_3,SR_109,SB-SR,0,0,0,0,0,0,0,0,0,0,1,0,early_only,random_stratified_sample
SB_12__SR_6,SB_12,SR_6,SB-SR,0,0,0,1,0,0,0,0,0,0,0,0,early_only,random_stratified_sample
SB_28__SR_6,SB_28,SR_6,SB-SR,0,0,0,1,0,0,0,0,0,0,0,0,early_only,random_stratified_sample
SB_29__SR_108,SB_29,SR_108,SB-SR,0,0,0,0,0,0,0,0,0,0,1,0,early_only,random_stratified_sample
SB_64__SR_97,SB_64,SR_97,SB-SR,0,0,1,0,0,0,0,0,1,0,0,0,early_only,random_stratified_sample
SB_77__SR_18,SB_77,SR_18,SB-SR,0,0,0,0,0,0,0,0,0,0,1,0,early_only,random_stratified_sample
SB_3__SR_55,SB_3,SR_55,SB-SR,0,0,0,0,0,0,0,0,0,0,1,0,early_only,random_stratified_sample
SB_71__SR_119,SB_71,SR_119,SB-SR,0,0,0,0,1,0,0,0,0,0,1,0,early_only,random_stratified_sample
SB_25__SR_66,SB_25,SR_66,SB-SR,0,0,0,0,0,0,0,0,0,0,1,0,early_only,random_stratified_sample
SB_91__SR_98,SB_91,SR_98,SB-SR,0,0,0,0,0,0,0,0,0,0,1,0,early_only,random_stratified_sample
SB_83__SR_38,SB_83,SR_38,SB-SR,0,0,0,0,0,0,0,0,0,0,1,0,early_only,random_stratified_sample
SB_89__SR_114,SB_89,SR_114,SB-SR,0,0,0,0,0,0,0,0,0,1,0,0,early_only,random_stratified_sample
SB_69__SR_109,SB_69,SR_109,SB-SR,0,0,0,0,1,0,0,0,0,0,1,0,early_only,random_stratified_sample
SB_53__SR_101,SB_53,SR_101,SB-SR,0,0,0,0,1,0,0,0,0,0,1,0,early_only,random_stratified_sample
SR_15__SR_24,SR_15,SR_24,SR-SR,1,0,0,1,0,0,0,0,0,0,0,0,early_only,random_stratified_sample
SR_33__SR_54,SR_33,SR_54,SR-SR,1,0,0,1,0,0,0,0,0,0,0,0,early_only,random_stratified_sample
SR_46__SR_72,SR_46,SR_72,SR-SR,1,0,1,0,0,0,0,0,1,0,0,0,early_only,random_stratified_sample
SR_19__SR_60,SR_19,SR_60,SR-SR,1,0,0,0,0,0,0,0,0,1,0,0,early_only,random_stratified_sample
SR_72__SR_122,SR_72,SR_122,SR-SR,1,0,0,0,0,0,0,0,0,0,1,0,early_only,random_stratified_sample
SR_82__SR_119,SR_82,SR_119,SR-SR,1,0,1,0,0,0,0,0,1,0,0,0,early_only,random_stratified_sample
SR_0__SR_57,SR_0,SR_57,SR-SR,1,0,0,0,0,0,0,0,0,0,1,0,early_only,random_stratified_sample
SR_65__SR_115,SR_65,SR_115,SR-SR,1,0,0,0,0,0,0,0,0,0,1,0,early_only,random_stratified_sample
SR_72__SR_95,SR_72,SR_95,SR-SR,1,0,0,1,0,0,0,0,0,0,0,0,early_only,random_stratified_sample
SR_10__SR_97,SR_10,SR_97,SR-SR,1,0,0,0,0,0,0,0,0,0,1,0,early_only,random_stratified_sample
SR_58__SR_74,SR_58,SR_74,SR-SR,1,0,0,0,1,0,0,0,0,0,1,0,early_only,random_stratified_sample
SR_30__SR_125,SR_30,SR_125,SR-SR,1,0,1,0,0,0,0,0,1,0,0,0,early_only,random_stratified_sample
SR_24__SR_47,SR_24,SR_47,SR-SR,1,0,0,0,0,0,0,0,0,0,1,0,early_only,random_stratified_sample
SR_19__SR_61,SR_19,SR_61,SR-SR,1,0,0,0,0,0,0,0,0,0,1,0,early_only,random_stratified_sample
SR_10__SR_63,SR_10,SR_63,SR-SR,1,0,0,0,0,0,0,0,0,0,1,0,early_only,random_stratified_sample
SR_14__SR_97,SR_14,SR_97,SR-SR,1,0,0,0,0,0,0,0,0,0,1,0,early_only,random_stratified_sample
SR_104__SR_113,SR_104,SR_113,SR-SR,1,0,0,1,0,0,0,1,0,0,0,0,early_only,random_stratified_sample
SB_97__MC_97,SB_97,MC_97,SB-MC,0,1,1,1,1,0,0,0,0,0,0,0,early_late_mixed,random_stratified_sample
SB_43__MC_14,SB_43,MC_14,SB-MC,0,0,1,0,0,0,0,0,1,0,0,0,early_late_mixed,random_stratified_sample
SB_13__MC_14,SB_13,MC_14,SB-MC,0,1,1,1,0,0,0,0,0,0,0,0,early_late_mixed,random_stratified_sample
SB_11__MC_115,SB_11,MC_115,SB-MC,0,0,0,0,1,0,0,0,0,0,1,0,early_late_mixed,random_stratified_sample
SB_48__MC_87,SB_48,MC_87,SB-MC,0,0,1,0,0,0,0,0,1,0,0,0,early_late_mixed,random_stratified_sample
SB_12__MC_53,SB_12,MC_53,SB-MC,0,0,0,0,0,0,0,0,0,1,0,0,early_late_mixed,random_stratified_sample
SB_46__MC_1,SB_46,MC_1,SB-MC,0,0,0,0,0,0,0,0,0,0,1,0,early_late_mixed,random_stratified_sample
SB_108__MC_72,SB_108,MC_72,SB-MC,0,0,1,0,0,0,0,0,1,0,0,0,early_late_mixed,random_stratified_sample
SB_44__MC_11,SB_44,MC_11,SB-MC,0,0,1,0,0,0,0,0,1,0,0,0,early_late_mixed,random_stratified_sample
SB_77__MC_46,SB_77,MC_46,SB-MC,0,0,1,0,0,0,0,0,1,0,0,0,early_late_mixed,random_stratified_sample
SB_33__MC_116,SB_33,MC_116,SB-MC,0,0,0,0,0,0,0,0,0,0,1,0,early_late_mixed,random_stratified_sample
SB_103__MC_53,SB_103,MC_53,SB-MC,0,0,0,0,0,0,0,0,0,1,0,0,early_late_mixed,random_stratified_sample
SB_5__MC_75,SB_5,MC_75,SB-MC,0,0,0,0,0,0,0,0,0,0,1,0,early_late_mixed,random_stratified_sample
SB_93__MC_65,SB_93,MC_65,SB-MC,0,0,0,1,0,0,0,0,0,0,0,0,early_late_mixed,random_stratified_sample
SB_58__MC_116,SB_58,MC_116,SB-MC,0,0,0,0,0,0,0,0,0,0,1,0,early_late_mixed,random_stratified_sample
SB_68__MC_95,SB_68,MC_95,SB-MC,0,0,0,1,0,0,0,1,0,0,0,0,early_late_mixed,random_stratified_sample
SB_16__MC_5,SB_16,MC_5,SB-MC,0,0,0,1,0,0,0,0,0,0,0,0,early_late_mixed,random_stratified_sample
SB_124__MC_92,SB_124,MC_92,SB-MC,0,0,1,0,1,0,0,0,1,0,0,0,early_late_mixed,random_stratified_sample
SB_118__MC_27,SB_118,MC_27,SB-MC,0,0,0,0,0,0,0,0,0,0,1,0,early_late_mixed,random_stratified_sample
SB_48__MC_70,SB_48,MC_70,SB-MC,0,0,0,0,0,0,0,0,0,0,1,0,early_late_mixed,random_stratified_sample
SB_10__MC_16,SB_10,MC_16,SB-MC,0,0,0,1,0,0,0,0,0,0,0,0,early_late_mixed,random_stratified_sample
SB_70__MC_102,SB_70,MC_102,SB-MC,0,0,1,0,1,0,0,0,1,0,0,0,early_late_mixed,random_stratified_sample
SB_37__MC_78,SB_37,MC_78,SB-MC,0,0,0,0,0,0,0,0,0,1,0,0,early_late_mixed,random_stratified_sample
SB_106__MC_44,SB_106,MC_44,SB-MC,0,0,1,0,0,0,0,0,1,0,0,0,early_late_mixed,random_stratified_sample
SB_80__MC_80,SB_80,MC_80,SB-MC,0,1,1,1,1,0,0,0,0,0,0,0,early_late_mixed,random_stratified_sample
SB_79__MC_42,SB_79,MC_42,SB-MC,0,0,1,0,0,0,0,0,1,0,0,0,early_late_mixed,random_stratified_sample
SR_113__MC_47,SR_113,MC_47,SR-MC,0,0,0,0,0,0,0,0,0,0,1,0,early_late_mixed,random_stratified_sample
SR_110__MC_42,SR_110,MC_42,SR-MC,0,0,1,0,0,0,0,0,1,0,0,0,early_late_mixed,random_stratified_sample
SR_46__MC_41,SR_46,MC_41,SR-MC,0,1,1,1,0,0,0,0,0,0,0,0,early_late_mixed,random_stratified_sample
SR_73__MC_120,SR_73,MC_120,SR-MC,0,0,0,0,0,0,0,0,0,0,1,0,early_late_mixed,random_stratified_sample
SR_24__MC_82,SR_24,MC_82,SR-MC,0,0,0,0,0,0,0,0,0,0,1,0,early_late_mixed,random_stratified_sample
SR_90__MC_30,SR_90,MC_30,SR-MC,0,0,1,0,0,0,0,0,1,0,0,0,early_late_mixed,random_stratified_sample
SR_8__MC_119,SR_8,MC_119,SR-MC,0,0,0,0,0,0,0,0,0,0,1,0,early_late_mixed,random_stratified_sample
SR_5__MC_114,SR_5,MC_114,SR-MC,0,0,0,0,0,0,0,0,0,0,1,0,early_late_mixed,random_stratified_sample
SR_84__MC_91,SR_84,MC_91,SR-MC,0,0,0,1,0,0,0,1,0,0,0,0,early_late_mixed,random_stratified_sample
SR_29__MC_28,SR_29,MC_28,SR-MC,0,1,1,1,0,0,0,0,0,0,0,0,early_late_mixed,random_stratified_sample
SR_99__MC_5,SR_99,MC_5,SR-MC,0,0,1,0,0,0,0,0,1,0,0,0,early_late_mixed,random_stratified_sample
SR_37__MC_13,SR_37,MC_13,SR-MC,0,0,0,0,1,0,0,0,0,0,1,0,early_late_mixed,random_stratified_sample
SR_126__MC_29,SR_126,MC_29,SR-MC,0,0,1,0,0,0,0,0,1,0,0,0,early_late_mixed,random_stratified_sample
SR_10__MC_33,SR_10,MC_33,SR-MC,0,0,0,0,0,0,0,0,0,1,0,0,early_late_mixed,random_stratified_sample
SR_109__MC_76,SR_109,MC_76,SR-MC,0,0,1,0,0,0,0,0,1,0,0,0,early_late_mixed,random_stratified_sample
SR_29__MC_111,SR_29,MC_111,SR-MC,0,0,0,0,0,0,0,0,0,0,1,0,early_late_mixed,random_stratified_sample
SR_111__MC_6,SR_111,MC_6,SR-MC,0,0,0,0,0,0,0,0,0,0,1,0,early_late_mixed,random_stratified_sample
SR_12__MC_125,SR_12,MC_125,SR-MC,0,0,0,0,0,0,0,0,0,0,1,0,early_late_mixed,random_stratified_sample
SR_48__MC_96,SR_48,MC_96,SR-MC,0,0,0,0,1,0,0,0,0,0,1,0,early_late_mixed,random_stratified_sample
SR_35__MC_85,SR_35,MC_85,SR-MC,0,0,0,0,0,0,0,0,0,0,1,0,early_late_mixed,random_stratified_sample
SR_58__MC_19,SR_58,MC_19,SR-MC,0,0,0,0,0,0,0,0,0,1,0,0,early_late_mixed,random_stratified_sample
SR_81__MC_64,SR_81,MC_64,SR-MC,0,0,0,1,0,0,0,0,0,0,0,0,early_late_mixed,random_stratified_sample
SR_106__MC_119,SR_106,MC_119,SR-MC,0,0,0,1,0,0,0,0,0,0,0,0,early_late_mixed,random_stratified_sample
SR_46__MC_103,SR_46,MC_103,SR-MC,0,0,0,0,0,0,0,0,0,0,1,0,early_late_mixed,random_stratified_sample
SR_20__MC_112,SR_20,MC_112,SR-MC,0,0,1,0,0,0,0,0,1,0,0,0,early_late_mixed,random_stratified_sample
SR_47__MC_65,SR_47,MC_65,SR-MC,0,0,0,0,0,0,0,0,0,0,1,0,early_late_mixed,random_stratified_sample
MC_15__MC_38,MC_15,MC_38,MC-MC,1,0,0,0,0,0,0,0,0,1,0,0,late_only,random_stratified_sample
MC_79__MC_86,MC_79,MC_86,MC-MC,1,0,0,1,0,0,0,1,0,0,0,0,weak_same_column,random_stratified_sample
MC_62__MC_82,MC_62,MC_82,MC-MC,1,0,0,0,0,0,0,0,0,0,1,0,late_only,random_stratified_sample
MC_115__MC_123,MC_115,MC_123,MC-MC,1,0,0,1,1,0,1,0,0,0,0,0,weak_same_column,random_stratified_sample
MC_73__MC_82,MC_73,MC_82,MC-MC,1,0,0,1,0,0,0,1,0,0,0,0,weak_same_column,random_stratified_sample
MC_54__MC_80,MC_54,MC_80,MC-MC,1,0,1,0,0,0,0,0,1,0,0,0,late_only,random_stratified_sample
MC_67__MC_91,MC_67,MC_91,MC-MC,1,0,0,1,1,0,1,0,0,0,0,0,weak_same_column,random_stratified_sample
MC_66__MC_71,MC_66,MC_71,MC-MC,1,1,1,1,0,0,0,0,0,0,0,0,late_only,random_stratified_sample
MC_12__MC_30,MC_12,MC_30,MC-MC,1,0,0,1,0,0,0,1,0,0,0,0,weak_same_column,random_stratified_sample
MC_36__MC_40,MC_36,MC_40,MC-MC,1,0,0,1,0,0,0,0,0,0,0,0,late_only,random_stratified_sample
MC_19__MC_107,MC_19,MC_107,MC-MC,1,0,0,0,1,0,0,0,0,0,1,0,late_only,random_stratified_sample
MC_114__MC_122,MC_114,MC_122,MC-MC,1,0,0,1,1,0,1,0,0,0,0,0,weak_same_column,random_stratified_sample
MC_82__MC_91,MC_82,MC_91,MC-MC,1,0,0,1,0,0,0,1,0,0,0,0,weak_same_column,random_stratified_sample
MC_24__MC_39,MC_24,MC_39,MC-MC,1,0,0,0,0,0,0,0,0,0,1,0,late_only,random_stratified_sample
MC_22__MC_31,MC_22,MC_31,MC-MC,1,0,0,1,0,0,0,1,0,0,0,0,weak_same_column,random_stratified_sample
MC_82__MC_88,MC_82,MC_88,MC-MC,1,0,0,1,0,0,0,0,0,0,0,0,late_only,random_stratified_sample
MC_102__MC_111,MC_102,MC_111,MC-MC,1,0,0,1,0,0,0,1,0,0,0,0,weak_same_column,random_stratified_sample
MC_23__MC_70,MC_23,MC_70,MC-MC,1,0,0,0,0,0,0,0,0,0,1,0,late_only,random_stratified_sample
MC_19__MC_89,MC_19,MC_89,MC-MC,1,0,0,0,0,0,0,0,0,0,1,0,late_only,random_stratified_sample
MC_4__MC_25,MC_4,MC_25,MC-MC,1,0,0,1,0,0,0,1,0,0,0,0,weak_same_column,random_stratified_sample
MC_113__MC_122,MC_113,MC_122,MC-MC,1,0,0,1,0,0,0,1,0,0,0,0,weak_same_column,random_stratified_sample
MC_46__MC_118,MC_46,MC_118,MC-MC,1,0,0,0,1,0,0,0,0,0,1,0,late_only,random_stratified_sample
MC_15__MC_64,MC_15,MC_64,MC-MC,1,0,0,0,0,0,0,0,0,0,1,0,late_only,random_stratified_sample
MC_78__MC_87,MC_78,MC_87,MC-MC,1,0,0,1,0,0,0,1,0,0,0,0,weak_same_column,random_stratified_sample
MC_30__MC_31,MC_30,MC_31,MC-MC,1,1,1,1,0,0,0,0,0,0,0,0,late_only,random_stratified_sample
MC_109__MC_127,MC_109,MC_127,MC-MC,1,0,0,1,0,0,0,1,0,0,0,0,weak_same_column,random_stratified_sample
MC_10__MC_35,MC_10,MC_35,MC-MC,1,0,0,0,0,0,0,0,0,1,0,0,late_only,random_stratified_sample
MC_34__MC_50,MC_34,MC_50,MC-MC,1,0,0,1,1,0,1,0,0,0,0,0,weak_same_column,random_stratified_sample
MC_33__MC_42,MC_33,MC_42,MC-MC,1,0,0,1,0,0,0,1,0,0,0,0,weak_same_column,random_stratified_sample
MC_68__MC_117,MC_68,MC_117,MC-MC,1,0,0,0,0,0,0,0,0,0,1,0,late_only,random_stratified_sample
MC_69__MC_80,MC_69,MC_80,MC-MC,1,0,0,1,0,0,0,0,0,0,0,0,late_only,random_stratified_sample
MC_72__MC_80,MC_72,MC_80,MC-MC,1,0,0,1,1,0,1,0,0,0,0,0,weak_same_column,random_stratified_sample
MC_101__MC_113,MC_101,MC_113,MC-MC,1,0,0,1,0,0,0,0,0,0,0,0,late_only,random_stratified_sample
SB_74__ARK_90,SB_74,ARK_90,SB-ARK,0,0,0,1,1,0,1,0,0,0,0,0,early_late_mixed,actual_core384_gap
SB_51__ARK_17,SB_51,ARK_17,SB-ARK,0,0,1,0,0,0,0,0,1,0,0,0,early_late_mixed,actual_core384_gap
SB_46__ARK_44,SB_46,ARK_44,SB-ARK,0,1,1,1,0,0,0,0,0,0,0,0,early_late_mixed,actual_core384_gap
SB_28__ARK_11,SB_28,ARK_11,SB-ARK,0,0,0,1,0,0,0,0,0,0,0,0,early_late_mixed,actual_core384_gap
SB_127__ARK_90,SB_127,ARK_90,SB-ARK,0,0,1,0,0,0,0,0,1,0,0,0,early_late_mixed,actual_core384_gap
SB_127__ARK_94,SB_127,ARK_94,SB-ARK,0,0,1,0,0,0,0,0,1,0,0,0,early_late_mixed,actual_core384_gap
SB_17__ARK_92,SB_17,ARK_92,SB-ARK,0,0,0,0,0,0,0,0,0,0,1,0,early_late_mixed,actual_core384_gap
SB_65__ARK_34,SB_65,ARK_34,SB-ARK,0,0,1,0,0,0,0,0,1,0,0,0,early_late_mixed,actual_core384_gap
SR_63__ARK_23,SR_63,ARK_23,SR-ARK,0,0,0,0,1,0,0,0,0,0,1,0,early_late_mixed,actual_core384_gap
SR_11__ARK_83,SR_11,ARK_83,SR-ARK,0,0,0,0,1,0,0,0,0,0,1,0,early_late_mixed,actual_core384_gap
SR_96__ARK_98,SR_96,ARK_98,SR-ARK,0,1,1,1,0,0,0,0,0,0,0,0,early_late_mixed,actual_core384_gap
SR_6__ARK_5,SR_6,ARK_5,SR-ARK,0,1,1,1,0,0,0,0,0,0,0,0,early_late_mixed,actual_core384_gap
SR_110__ARK_34,SR_110,ARK_34,SR-ARK,0,0,0,0,0,0,0,0,0,0,1,0,early_late_mixed,actual_core384_gap
SR_14__ARK_8,SR_14,ARK_8,SR-ARK,0,1,1,1,0,0,0,0,0,0,0,0,early_late_mixed,actual_core384_gap
SR_19__ARK_77,SR_19,ARK_77,SR-ARK,0,0,0,0,0,0,0,0,0,0,1,0,early_late_mixed,actual_core384_gap
SR_80__ARK_47,SR_80,ARK_47,SR-ARK,0,0,0,0,0,0,0,0,0,0,1,0,early_late_mixed,actual_core384_gap
MC_77__ARK_77,MC_77,ARK_77,MC-ARK,0,1,1,1,1,0,0,0,0,0,0,1,redundant_late,actual_core384_gap
MC_9__ARK_1,MC_9,ARK_1,MC-ARK,0,0,0,1,1,0,1,0,0,0,0,0,weak_same_column,actual_core384_gap
MC_52__ARK_117,MC_52,ARK_117,MC-ARK,0,0,1,0,0,0,0,0,1,0,0,0,late_only,actual_core384_gap
MC_72__ARK_92,MC_72,ARK_92,MC-ARK,0,0,0,1,0,0,0,0,0,0,0,0,late_only,actual_core384_gap
MC_33__ARK_33,MC_33,ARK_33,MC-ARK,0,1,1,1,1,0,0,0,0,0,0,1,redundant_late,actual_core384_gap
MC_73__ARK_91,MC_73,ARK_91,MC-ARK,0,0,0,1,0,0,0,1,0,0,0,0,weak_same_column,actual_core384_gap
MC_90__ARK_81,MC_90,ARK_81,MC-ARK,0,0,0,1,0,0,0,1,0,0,0,0,weak_same_column,actual_core384_gap
MC_116__ARK_116,MC_116,ARK_116,MC-ARK,0,1,1,1,1,0,0,0,0,0,0,1,redundant_late,actual_core384_gap
MC_73__ARK_102,MC_73,ARK_102,MC-ARK,0,0,0,0,0,0,0,0,0,0,1,0,late_only,actual_core384_gap
MC_15__ARK_50,MC_15,ARK_50,MC-ARK,0,0,0,0,0,0,0,0,0,0,1,0,late_only,actual_core384_gap
MC_39__ARK_39,MC_39,ARK_39,MC-ARK,0,1,1,1,1,0,0,0,0,0,0,1,redundant_late,actual_core384_gap
MC_57__ARK_50,MC_57,ARK_50,MC-ARK,0,0,0,1,0,0,0,1,0,0,0,0,weak_same_column,actual_core384_gap
MC_1__ARK_1,MC_1,ARK_1,MC-ARK,0,1,1,1,1,0,0,0,0,0,0,1,redundant_late,actual_core384_gap
MC_126__ARK_110,MC_126,ARK_110,MC-ARK,0,0,0,1,1,0,1,0,0,0,0,0,weak_same_column,actual_core384_gap
ARK_39__ARK_115,ARK_39,ARK_115,ARK-ARK,1,0,0,0,0,0,0,0,0,0,1,0,late_only,actual_core384_gap
ARK_98__ARK_125,ARK_98,ARK_125,ARK-ARK,1,0,0,1,0,0,0,1,0,0,0,0,weak_same_column,actual_core384_gap
ARK_66__ARK_73,ARK_66,ARK_73,ARK-ARK,1,0,0,1,0,0,0,1,0,0,0,0,weak_same_column,actual_core384_gap
ARK_107__ARK_120,ARK_107,ARK_120,ARK-ARK,1,0,0,1,0,0,0,0,0,0,0,0,late_only,actual_core384_gap
ARK_107__ARK_116,ARK_107,ARK_116,ARK-ARK,1,0,0,1,0,0,0,1,0,0,0,0,weak_same_column,actual_core384_gap
ARK_53__ARK_70,ARK_53,ARK_70,ARK-ARK,1,0,0,0,0,0,0,0,0,0,1,0,late_only,actual_core384_gap
ARK_85__ARK_127,ARK_85,ARK_127,ARK-ARK,1,0,0,0,0,0,0,0,0,0,1,0,late_only,actual_core384_gap
ARK_76__ARK_84,ARK_76,ARK_84,ARK-ARK,1,0,0,1,1,0,1,0,0,0,0,0,weak_same_column,actual_core384_gap
ARK_11__ARK_29,ARK_11,ARK_29,ARK-ARK,1,0,0,1,0,0,0,1,0,0,0,0,weak_same_column,actual_core384_gap
ARK_28__ARK_41,ARK_28,ARK_41,ARK-ARK,1,0,0,0,0,0,0,0,0,0,1,0,late_only,actual_core384_gap
ARK_68__ARK_77,ARK_68,ARK_77,ARK-ARK,1,0,0,1,0,0,0,1,0,0,0,0,weak_same_column,actual_core384_gap
ARK_74__ARK_79,ARK_74,ARK_79,ARK-ARK,1,1,1,1,0,0,0,0,0,0,0,0,late_only,actual_core384_gap
ARK_72__ARK_90,ARK_72,ARK_90,ARK-ARK,1,0,0,1,0,0,0,1,0,0,0,0,weak_same_column,actual_core384_gap
ARK_24__ARK_35,ARK_24,ARK_35,ARK-ARK,1,0,0,0,0,0,0,0,0,0,1,0,late_only,actual_core384_gap
ARK_1__ARK_50,ARK_1,ARK_50,ARK-ARK,1,0,0,0,0,0,0,0,0,0,1,0,late_only,actual_core384_gap
