case_id,cand_a,cand_b,cand_c,cand_d,topology_class,selection_reason
4bit_early__SB_59__SB_90__SR_66__SR_81,SB_59,SB_90,SR_66,SR_81,early_only,early_only_hard_case
4bit_early__SB_115__SB_14__SB_59__SR_20,SB_115,SB_14,SB_59,SR_20,early_only,early_only_hard_case
4bit_early__SB_4__SB_51__SB_80__SR_27,SB_4,SB_51,SB_80,SR_27,early_only,early_only_hard_case
4bit_early__SR_38__SR_55__SR_65__SR_79,SR_38,SR_55,SR_65,SR_79,early_only,early_only_hard_case
4bit_early__SB_37__SB_81__SR_16__SR_45,SB_37,SB_81,SR_16,SR_45,early_only,early_only_hard_case
4bit_early__SB_35__SB_48__SB_57__SR_10,SB_35,SB_48,SB_57,SR_10,early_only,early_only_hard_case
4bit_early__SB_17__SB_55__SR_20__SR_33,SB_17,SB_55,SR_20,SR_33,early_only,early_only_hard_case
4bit_early__SB_49__SR_116__SR_48__SR_69,SB_49,SR_116,SR_48,SR_69,early_only,early_only_hard_case
4bit_early__SB_66__SB_96__SB_97__SR_115,SB_66,SB_96,SB_97,SR_115,early_only,early_only_hard_case
4bit_early__SB_126__SB_22__SB_25__SR_4,SB_126,SB_22,SB_25,SR_4,early_only,early_only_hard_case
4bit_early__SB_19__SR_40__SR_61__SR_95,SB_19,SR_40,SR_61,SR_95,early_only,early_only_hard_case
4bit_early__SB_119__SB_77__SR_104__SR_113,SB_119,SB_77,SR_104,SR_113,early_only,early_only_hard_case
4bit_early__SB_22__SR_105__SR_119__SR_49,SB_22,SR_105,SR_119,SR_49,early_only,early_only_hard_case
4bit_early__SB_114__SB_4__SB_80__SR_14,SB_114,SB_4,SB_80,SR_14,early_only,early_only_hard_case
4bit_early__SB_101__SB_7__SR_16__SR_54,SB_101,SB_7,SR_16,SR_54,early_only,early_only_hard_case
4bit_early__SB_57__SR_46__SR_56__SR_79,SB_57,SR_46,SR_56,SR_79,early_only,early_only_hard_case
4bit_early__SB_114__SB_30__SB_57__SR_93,SB_114,SB_30,SB_57,SR_93,early_only,early_only_hard_case
4bit_early__SB_24__SB_62__SB_73__SR_114,SB_24,SB_62,SB_73,SR_114,early_only,early_only_hard_case
4bit_early__SB_2__SB_32__SB_91__SR_22,SB_2,SB_32,SB_91,SR_22,early_only,early_only_hard_case
4bit_early__SB_3__SB_38__SR_11__SR_94,SB_3,SB_38,SR_11,SR_94,early_only,early_only_hard_case
4bit_early__SB_31__SB_91__SB_98__SR_12,SB_31,SB_91,SB_98,SR_12,early_only,early_only_hard_case
4bit_early__SB_33__SR_119__SR_15__SR_6,SB_33,SR_119,SR_15,SR_6,early_only,early_only_hard_case
4bit_early__SB_33__SR_121__SR_17__SR_40,SB_33,SR_121,SR_17,SR_40,early_only,early_only_hard_case
4bit_early__SR_123__SR_25__SR_77__SR_78,SR_123,SR_25,SR_77,SR_78,early_only,early_only_hard_case
4bit_early__SB_37__SR_102__SR_26__SR_34,SB_37,SR_102,SR_26,SR_34,early_only,early_only_hard_case
4bit_early__SB_38__SB_67__SR_1__SR_98,SB_38,SB_67,SR_1,SR_98,early_only,early_only_hard_case
4bit_early__SB_43__SR_48__SR_74__SR_99,SB_43,SR_48,SR_74,SR_99,early_only,early_only_hard_case
4bit_early__SB_68__SR_12__SR_14__SR_57,SB_68,SR_12,SR_14,SR_57,early_only,early_only_hard_case
4bit_early__SB_119__SB_124__SB_17__SR_121,SB_119,SB_124,SB_17,SR_121,early_only,early_only_hard_case
4bit_early__SB_37__SB_71__SR_11__SR_83,SB_37,SB_71,SR_11,SR_83,early_only,early_only_hard_case
4bit_weak_late__ARK_0__ARK_2__ARK_21__ARK_30,ARK_0,ARK_2,ARK_21,ARK_30,weak_same_column,weak_same_column_hard_case
4bit_weak_late__ARK_11__ARK_6__MC_10__MC_2,ARK_11,ARK_6,MC_10,MC_2,weak_same_column,weak_same_column_hard_case
4bit_weak_late__ARK_29__MC_1__MC_14__MC_9,ARK_29,MC_1,MC_14,MC_9,weak_same_column,weak_same_column_hard_case
4bit_weak_late__ARK_4__ARK_7__MC_15__MC_4,ARK_4,ARK_7,MC_15,MC_4,weak_same_column,weak_same_column_hard_case
4bit_weak_late__ARK_2__MC_17__MC_19__MC_8,ARK_2,MC_17,MC_19,MC_8,weak_same_column,weak_same_column_hard_case
4bit_weak_late__ARK_20__ARK_22__MC_27__MC_9,ARK_20,ARK_22,MC_27,MC_9,weak_same_column,weak_same_column_hard_case
4bit_weak_late__MC_18__MC_22__MC_4__MC_7,MC_18,MC_22,MC_4,MC_7,weak_same_column,weak_same_column_hard_case
4bit_weak_late__ARK_20__MC_11__MC_12__MC_2,ARK_20,MC_11,MC_12,MC_2,weak_same_column,weak_same_column_hard_case
4bit_weak_late__ARK_15__ARK_31__MC_26__MC_7,ARK_15,ARK_31,MC_26,MC_7,weak_same_column,weak_same_column_hard_case
4bit_weak_late__ARK_12__MC_19__MC_2__MC_31,ARK_12,MC_19,MC_2,MC_31,weak_same_column,weak_same_column_hard_case
4bit_weak_late__ARK_22__ARK_31__ARK_5__MC_26,ARK_22,ARK_31,ARK_5,MC_26,weak_same_column,weak_same_column_hard_case
4bit_weak_late__ARK_16__ARK_17__ARK_21__MC_18,ARK_16,ARK_17,ARK_21,MC_18,weak_same_column,weak_same_column_hard_case
4bit_weak_late__ARK_17__ARK_26__MC_11__MC_7,ARK_17,ARK_26,MC_11,MC_7,weak_same_column,weak_same_column_hard_case
4bit_weak_late__ARK_4__ARK_6__ARK_8__MC_3,ARK_4,ARK_6,ARK_8,MC_3,weak_same_column,weak_same_column_hard_case
4bit_weak_late__ARK_3__MC_1__MC_21__MC_23,ARK_3,MC_1,MC_21,MC_23,weak_same_column,weak_same_column_hard_case
