source_phase,tap_count,source_case_id,seed,query_count,depth,mode,cand_a,cand_b,cand_c,cand_d
7,2,SB_15__SB_49,2,255,2,differential,SB_15,SB_49,,
7,2,SB_83__SR_38,0,255,2,differential,SB_83,SR_38,,
7,2,SB_83__SR_38,1,255,2,differential,SB_83,SR_38,,
7,2,SB_89__SR_114,0,255,2,differential,SB_89,SR_114,,
7,2,SB_89__SR_114,1,255,2,differential,SB_89,SR_114,,
7,2,SR_104__SR_113,2,255,2,differential,SR_104,SR_113,,
7,2,SR_19__SR_61,0,255,2,differential,SR_19,SR_61,,
7,2,SR_58__SR_74,0,255,2,differential,SR_58,SR_74,,
7,3,3bit_early__SB_108__SR_7__SR_88,0,255,2,differential,SB_108,SR_7,SR_88,
7,3,3bit_early__SB_108__SR_7__SR_88,1,255,2,differential,SB_108,SR_7,SR_88,
7,3,3bit_early__SB_112__SB_70__SR_57,2,255,2,differential,SB_112,SB_70,SR_57,
7,3,3bit_early__SB_114__SB_125__SB_71,2,255,2,differential,SB_114,SB_125,SB_71,
7,3,3bit_early__SB_116__SB_40__SR_20,0,255,2,differential,SB_116,SB_40,SR_20,
7,3,3bit_early__SB_116__SB_40__SR_20,1,255,2,differential,SB_116,SB_40,SR_20,
7,3,3bit_early__SB_116__SB_40__SR_20,2,255,2,differential,SB_116,SB_40,SR_20,
7,3,3bit_early__SB_117__SB_16__SR_33,2,255,2,differential,SB_117,SB_16,SR_33,
7,3,3bit_early__SB_117__SB_30__SB_36,2,255,2,differential,SB_117,SB_30,SB_36,
7,3,3bit_early__SB_40__SR_22__SR_57,0,255,2,differential,SB_40,SR_22,SR_57,
7,3,3bit_early__SB_83__SR_53__SR_61,0,255,2,differential,SB_83,SR_53,SR_61,
7,3,3bit_early__SB_83__SR_53__SR_61,1,255,2,differential,SB_83,SR_53,SR_61,
7,3,3bit_early__SR_53__SR_88__SR_92,1,255,2,differential,SR_53,SR_88,SR_92,
7,3,3bit_early__SR_6__SR_76__SR_91,0,255,2,differential,SR_6,SR_76,SR_91,
7,3,3bit_early__SR_6__SR_76__SR_91,1,255,2,differential,SR_6,SR_76,SR_91,
7,3,3bit_early__SR_6__SR_76__SR_91,2,255,2,differential,SR_6,SR_76,SR_91,
7,2,SB_0__SR_41,2,192,2,differential,SB_0,SR_41,,
7,2,SB_15__SB_49,0,192,2,differential,SB_15,SB_49,,
7,2,SB_15__SB_49,1,192,2,differential,SB_15,SB_49,,
7,2,SB_16__SB_116,0,192,2,differential,SB_16,SB_116,,
7,2,SB_16__SB_116,1,192,2,differential,SB_16,SB_116,,
7,2,SB_16__SB_116,2,192,2,differential,SB_16,SB_116,,
7,2,SB_19__SB_36,0,192,2,differential,SB_19,SB_36,,
7,2,SB_3__SR_55,1,192,2,differential,SB_3,SR_55,,
7,2,SB_46__SB_89,0,192,2,differential,SB_46,SB_89,,
7,2,SB_46__SB_89,2,192,2,differential,SB_46,SB_89,,
7,2,SB_51__SB_91,0,192,2,differential,SB_51,SB_91,,
7,2,SB_51__SB_91,1,192,2,differential,SB_51,SB_91,,
7,2,SB_51__SB_91,2,192,2,differential,SB_51,SB_91,,
7,2,SB_53__SR_101,2,192,2,differential,SB_53,SR_101,,
7,2,SB_55__SB_110,2,192,2,differential,SB_55,SB_110,,
7,2,SB_62__SB_123,0,192,2,differential,SB_62,SB_123,,
7,2,SB_62__SB_123,1,192,2,differential,SB_62,SB_123,,
7,2,SB_63__SB_97,0,192,2,differential,SB_63,SB_97,,
7,2,SB_63__SB_97,2,192,2,differential,SB_63,SB_97,,
7,2,SB_77__SR_18,0,192,2,differential,SB_77,SR_18,,
7,2,SB_77__SR_18,1,192,2,differential,SB_77,SR_18,,
7,2,SB_7__SB_55,2,192,2,differential,SB_7,SB_55,,
7,2,SB_87__SB_103,1,192,2,differential,SB_87,SB_103,,
7,2,SB_87__SB_103,2,192,2,differential,SB_87,SB_103,,
7,2,SB_89__SR_114,2,192,2,differential,SB_89,SR_114,,
7,2,SB_91__SR_98,0,192,2,differential,SB_91,SR_98,,
7,2,SB_91__SR_98,1,192,2,differential,SB_91,SR_98,,
7,2,SB_9__SB_51,0,192,2,differential,SB_9,SB_51,,
7,2,SB_9__SB_51,2,192,2,differential,SB_9,SB_51,,
7,2,SR_0__SR_41,2,192,2,differential,SR_0,SR_41,,
7,2,SR_104__SR_113,0,192,2,differential,SR_104,SR_113,,
7,2,SR_15__SR_24,0,192,2,differential,SR_15,SR_24,,
7,2,SR_15__SR_24,1,192,2,differential,SR_15,SR_24,,
7,2,SR_15__SR_24,2,192,2,differential,SR_15,SR_24,,
7,2,SR_19__SR_60,0,192,2,differential,SR_19,SR_60,,
7,2,SR_19__SR_60,1,192,2,differential,SR_19,SR_60,,
7,2,SR_19__SR_60,2,192,2,differential,SR_19,SR_60,,
7,2,SR_19__SR_61,1,192,2,differential,SR_19,SR_61,,
7,2,SR_19__SR_61,2,192,2,differential,SR_19,SR_61,,
7,2,SR_24__SR_47,0,192,2,differential,SR_24,SR_47,,
7,2,SR_24__SR_47,1,192,2,differential,SR_24,SR_47,,
7,2,SR_24__SR_47,2,192,2,differential,SR_24,SR_47,,
7,2,SR_30__SR_125,0,192,2,differential,SR_30,SR_125,,
7,2,SR_33__SR_54,1,192,2,differential,SR_33,SR_54,,
7,2,SR_46__SR_72,1,192,2,differential,SR_46,SR_72,,
7,2,SR_46__SR_72,2,192,2,differential,SR_46,SR_72,,
7,2,SR_58__SR_74,1,192,2,differential,SR_58,SR_74,,
7,2,SR_58__SR_74,2,192,2,differential,SR_58,SR_74,,
7,2,SR_72__SR_95,0,192,2,differential,SR_72,SR_95,,
7,2,SR_72__SR_95,1,192,2,differential,SR_72,SR_95,,
7,2,SR_72__SR_95,2,192,2,differential,SR_72,SR_95,,
7,2,SR_82__SR_119,1,192,2,differential,SR_82,SR_119,,
7,2,SR_82__SR_119,2,192,2,differential,SR_82,SR_119,,
7,3,3bit_early__SB_0__SR_122__SR_37,0,192,2,differential,SB_0,SR_122,SR_37,
7,3,3bit_early__SB_0__SR_122__SR_37,1,192,2,differential,SB_0,SR_122,SR_37,
7,3,3bit_early__SB_0__SR_122__SR_37,2,192,2,differential,SB_0,SR_122,SR_37,
7,3,3bit_early__SB_101__SB_112__SR_86,2,192,2,differential,SB_101,SB_112,SR_86,
7,3,3bit_early__SB_107__SB_36__SR_8,0,192,2,differential,SB_107,SB_36,SR_8,
7,3,3bit_early__SB_108__SR_127__SR_33,0,192,2,differential,SB_108,SR_127,SR_33,
7,3,3bit_early__SB_108__SR_127__SR_33,1,192,2,differential,SB_108,SR_127,SR_33,
7,3,3bit_early__SB_108__SR_7__SR_88,2,192,2,differential,SB_108,SR_7,SR_88,
7,3,3bit_early__SB_10__SB_32__SR_45,0,192,2,differential,SB_10,SB_32,SR_45,
7,3,3bit_early__SB_10__SB_32__SR_45,1,192,2,differential,SB_10,SB_32,SR_45,
7,3,3bit_early__SB_10__SB_32__SR_45,2,192,2,differential,SB_10,SB_32,SR_45,
7,3,3bit_early__SB_110__SB_79__SR_14,0,192,2,differential,SB_110,SB_79,SR_14,
7,3,3bit_early__SB_110__SB_79__SR_14,1,192,2,differential,SB_110,SB_79,SR_14,
7,3,3bit_early__SB_110__SB_79__SR_14,2,192,2,differential,SB_110,SB_79,SR_14,
7,3,3bit_early__SB_111__SB_119__SB_13,0,192,2,differential,SB_111,SB_119,SB_13,
7,3,3bit_early__SB_111__SB_119__SB_13,1,192,2,differential,SB_111,SB_119,SB_13,
7,3,3bit_early__SB_111__SB_119__SB_13,2,192,2,differential,SB_111,SB_119,SB_13,
7,3,3bit_early__SB_112__SB_117__SB_3,2,192,2,differential,SB_112,SB_117,SB_3,
7,3,3bit_early__SB_112__SB_28__SR_38,0,192,2,differential,SB_112,SB_28,SR_38,
7,3,3bit_early__SB_112__SB_28__SR_38,1,192,2,differential,SB_112,SB_28,SR_38,
7,3,3bit_early__SB_112__SB_28__SR_38,2,192,2,differential,SB_112,SB_28,SR_38,
7,3,3bit_early__SB_112__SB_70__SR_57,0,192,2,differential,SB_112,SB_70,SR_57,
7,3,3bit_early__SB_112__SB_70__SR_57,1,192,2,differential,SB_112,SB_70,SR_57,
7,3,3bit_early__SB_114__SB_125__SB_71,0,192,2,differential,SB_114,SB_125,SB_71,
7,3,3bit_early__SB_114__SB_125__SB_71,1,192,2,differential,SB_114,SB_125,SB_71,
7,3,3bit_early__SB_115__SB_126__SB_61,0,192,2,differential,SB_115,SB_126,SB_61,
7,3,3bit_early__SB_115__SB_126__SB_61,1,192,2,differential,SB_115,SB_126,SB_61,
7,3,3bit_early__SB_117__SB_16__SR_33,0,192,2,differential,SB_117,SB_16,SR_33,
7,3,3bit_early__SB_117__SB_16__SR_33,1,192,2,differential,SB_117,SB_16,SR_33,
7,3,3bit_early__SB_117__SB_30__SB_36,0,192,2,differential,SB_117,SB_30,SB_36,
7,3,3bit_early__SB_117__SB_30__SB_36,1,192,2,differential,SB_117,SB_30,SB_36,
7,3,3bit_early__SB_121__SB_36__SR_14,0,192,2,differential,SB_121,SB_36,SR_14,
7,3,3bit_early__SB_124__SR_114__SR_80,2,192,2,differential,SB_124,SR_114,SR_80,
7,3,3bit_early__SB_125__SB_83__SB_87,0,192,2,differential,SB_125,SB_83,SB_87,
7,3,3bit_early__SB_16__SB_34__SR_41,0,192,2,differential,SB_16,SB_34,SR_41,
7,3,3bit_early__SB_22__SR_48__SR_7,1,192,2,differential,SB_22,SR_48,SR_7,
7,3,3bit_early__SB_23__SB_35__SB_98,0,192,2,differential,SB_23,SB_35,SB_98,
7,3,3bit_early__SB_24__SB_46__SR_124,0,192,2,differential,SB_24,SB_46,SR_124,
7,3,3bit_early__SB_24__SB_46__SR_124,1,192,2,differential,SB_24,SB_46,SR_124,
7,3,3bit_early__SB_27__SR_111__SR_82,2,192,2,differential,SB_27,SR_111,SR_82,
7,3,3bit_early__SB_33__SR_77__SR_9,1,192,2,differential,SB_33,SR_77,SR_9,
7,3,3bit_early__SB_40__SR_22__SR_57,1,192,2,differential,SB_40,SR_22,SR_57,
7,3,3bit_early__SB_44__SB_52__SR_88,0,192,2,differential,SB_44,SB_52,SR_88,
7,3,3bit_early__SB_44__SB_52__SR_88,1,192,2,differential,SB_44,SB_52,SR_88,
7,3,3bit_early__SB_44__SB_52__SR_88,2,192,2,differential,SB_44,SB_52,SR_88,
7,3,3bit_early__SB_47__SB_52__SR_44,1,192,2,differential,SB_47,SB_52,SR_44,
7,3,3bit_early__SB_47__SB_52__SR_44,2,192,2,differential,SB_47,SB_52,SR_44,
7,3,3bit_early__SB_49__SR_55__SR_66,2,192,2,differential,SB_49,SR_55,SR_66,
7,3,3bit_early__SB_57__SB_9__SR_57,0,192,2,differential,SB_57,SB_9,SR_57,
7,3,3bit_early__SB_57__SB_9__SR_57,1,192,2,differential,SB_57,SB_9,SR_57,
7,3,3bit_early__SB_57__SB_9__SR_57,2,192,2,differential,SB_57,SB_9,SR_57,
7,3,3bit_early__SB_5__SB_58__SR_8,0,192,2,differential,SB_5,SB_58,SR_8,
7,3,3bit_early__SB_5__SB_58__SR_8,2,192,2,differential,SB_5,SB_58,SR_8,
7,3,3bit_early__SB_63__SR_107__SR_65,0,192,2,differential,SB_63,SR_107,SR_65,
7,3,3bit_early__SB_63__SR_107__SR_65,1,192,2,differential,SB_63,SR_107,SR_65,
7,3,3bit_early__SB_63__SR_107__SR_65,2,192,2,differential,SB_63,SR_107,SR_65,
7,3,3bit_early__SB_65__SB_84__SR_115,2,192,2,differential,SB_65,SB_84,SR_115,
7,3,3bit_early__SB_73__SR_106__SR_74,0,192,2,differential,SB_73,SR_106,SR_74,
7,3,3bit_early__SB_73__SR_106__SR_74,1,192,2,differential,SB_73,SR_106,SR_74,
7,3,3bit_early__SB_73__SR_106__SR_74,2,192,2,differential,SB_73,SR_106,SR_74,
7,3,3bit_early__SB_78__SB_82__SR_63,0,192,2,differential,SB_78,SB_82,SR_63,
7,3,3bit_early__SB_78__SB_82__SR_63,1,192,2,differential,SB_78,SB_82,SR_63,
7,3,3bit_early__SB_78__SB_82__SR_63,2,192,2,differential,SB_78,SB_82,SR_63,
7,3,3bit_early__SB_80__SR_104__SR_94,0,192,2,differential,SB_80,SR_104,SR_94,
7,3,3bit_early__SB_80__SR_104__SR_94,1,192,2,differential,SB_80,SR_104,SR_94,
7,3,3bit_early__SB_80__SR_104__SR_94,2,192,2,differential,SB_80,SR_104,SR_94,
7,3,3bit_early__SB_83__SR_53__SR_61,2,192,2,differential,SB_83,SR_53,SR_61,
7,3,3bit_early__SR_10__SR_108__SR_66,2,192,2,differential,SR_10,SR_108,SR_66,
7,2,SB_0__SB_1,0,128,2,differential,SB_0,SB_1,,
7,2,SB_0__SB_1,1,128,2,differential,SB_0,SB_1,,
7,2,SB_0__SB_1,2,128,2,differential,SB_0,SB_1,,
7,2,SB_0__SB_1,3,128,2,differential,SB_0,SB_1,,
7,2,SB_0__SB_1,4,128,2,differential,SB_0,SB_1,,
7,2,SB_0__SB_1,5,128,2,differential,SB_0,SB_1,,
7,2,SB_0__SB_1,6,128,2,differential,SB_0,SB_1,,
7,2,SB_0__SB_1,7,128,2,differential,SB_0,SB_1,,
7,2,SB_0__SB_1,8,128,2,differential,SB_0,SB_1,,
7,2,SB_0__SB_1,9,128,2,differential,SB_0,SB_1,,
7,2,SB_0__SB_1,10,128,2,differential,SB_0,SB_1,,
7,2,SB_0__SB_1,11,128,2,differential,SB_0,SB_1,,
7,2,SB_0__SB_1,12,128,2,differential,SB_0,SB_1,,
7,2,SB_0__SB_1,13,128,2,differential,SB_0,SB_1,,
7,2,SB_0__SB_1,14,128,2,differential,SB_0,SB_1,,
7,2,SB_0__SB_1,15,128,2,differential,SB_0,SB_1,,
7,2,SB_0__SB_1,16,128,2,differential,SB_0,SB_1,,
7,2,SB_0__SB_1,17,128,2,differential,SB_0,SB_1,,
7,2,SB_0__SB_1,18,128,2,differential,SB_0,SB_1,,
7,2,SB_0__SB_1,19,128,2,differential,SB_0,SB_1,,
7,2,SB_0__SB_32,0,128,2,differential,SB_0,SB_32,,
7,2,SB_0__SB_32,1,128,2,differential,SB_0,SB_32,,
7,2,SB_0__SB_32,2,128,2,differential,SB_0,SB_32,,
7,2,SB_0__SB_32,4,128,2,differential,SB_0,SB_32,,
7,2,SB_0__SB_32,5,128,2,differential,SB_0,SB_32,,
7,2,SB_0__SB_32,6,128,2,differential,SB_0,SB_32,,
7,2,SB_0__SB_32,7,128,2,differential,SB_0,SB_32,,
7,2,SB_0__SB_32,8,128,2,differential,SB_0,SB_32,,
7,2,SB_0__SB_32,11,128,2,differential,SB_0,SB_32,,
7,2,SB_0__SB_32,12,128,2,differential,SB_0,SB_32,,
7,2,SB_0__SB_32,13,128,2,differential,SB_0,SB_32,,
7,2,SB_0__SB_32,14,128,2,differential,SB_0,SB_32,,
7,2,SB_0__SB_32,15,128,2,differential,SB_0,SB_32,,
7,2,SB_0__SB_32,16,128,2,differential,SB_0,SB_32,,
7,2,SB_0__SB_32,17,128,2,differential,SB_0,SB_32,,
7,2,SB_0__SB_32,18,128,2,differential,SB_0,SB_32,,
7,2,SB_0__SB_32,19,128,2,differential,SB_0,SB_32,,
7,2,SB_0__SB_41,0,128,2,differential,SB_0,SB_41,,
7,2,SB_0__SB_41,1,128,2,differential,SB_0,SB_41,,
7,2,SB_0__SB_41,2,128,2,differential,SB_0,SB_41,,
7,2,SB_0__SB_41,3,128,2,differential,SB_0,SB_41,,
7,2,SB_0__SB_41,4,128,2,differential,SB_0,SB_41,,
7,2,SB_0__SB_41,5,128,2,differential,SB_0,SB_41,,
7,2,SB_0__SB_41,7,128,2,differential,SB_0,SB_41,,
7,2,SB_0__SB_41,8,128,2,differential,SB_0,SB_41,,
7,2,SB_0__SB_41,9,128,2,differential,SB_0,SB_41,,
7,2,SB_0__SB_41,10,128,2,differential,SB_0,SB_41,,
7,2,SB_0__SB_41,11,128,2,differential,SB_0,SB_41,,
7,2,SB_0__SB_41,12,128,2,differential,SB_0,SB_41,,
7,2,SB_0__SB_41,13,128,2,differential,SB_0,SB_41,,
7,2,SB_0__SB_41,14,128,2,differential,SB_0,SB_41,,
7,2,SB_0__SB_41,15,128,2,differential,SB_0,SB_41,,
7,2,SB_0__SB_41,16,128,2,differential,SB_0,SB_41,,
7,2,SB_0__SB_41,17,128,2,differential,SB_0,SB_41,,
7,2,SB_0__SB_41,18,128,2,differential,SB_0,SB_41,,
7,2,SB_0__SB_41,19,128,2,differential,SB_0,SB_41,,
7,2,SB_0__SR_0,0,128,2,differential,SB_0,SR_0,,
7,2,SB_0__SR_0,1,128,2,differential,SB_0,SR_0,,
7,2,SB_0__SR_0,2,128,2,differential,SB_0,SR_0,,
7,2,SB_0__SR_0,3,128,2,differential,SB_0,SR_0,,
7,2,SB_0__SR_0,4,128,2,differential,SB_0,SR_0,,
7,2,SB_0__SR_0,5,128,2,differential,SB_0,SR_0,,
7,2,SB_0__SR_0,6,128,2,differential,SB_0,SR_0,,
7,2,SB_0__SR_0,7,128,2,differential,SB_0,SR_0,,
7,2,SB_0__SR_0,8,128,2,differential,SB_0,SR_0,,
7,2,SB_0__SR_0,9,128,2,differential,SB_0,SR_0,,
7,2,SB_0__SR_0,10,128,2,differential,SB_0,SR_0,,
7,2,SB_0__SR_0,11,128,2,differential,SB_0,SR_0,,
7,2,SB_0__SR_0,12,128,2,differential,SB_0,SR_0,,
7,2,SB_0__SR_0,13,128,2,differential,SB_0,SR_0,,
7,2,SB_0__SR_0,14,128,2,differential,SB_0,SR_0,,
7,2,SB_0__SR_0,15,128,2,differential,SB_0,SR_0,,
7,2,SB_0__SR_0,16,128,2,differential,SB_0,SR_0,,
7,2,SB_0__SR_0,17,128,2,differential,SB_0,SR_0,,
7,2,SB_0__SR_0,18,128,2,differential,SB_0,SR_0,,
7,2,SB_0__SR_0,19,128,2,differential,SB_0,SR_0,,
7,2,SB_0__SR_1,0,128,2,differential,SB_0,SR_1,,
7,2,SB_0__SR_1,1,128,2,differential,SB_0,SR_1,,
7,2,SB_0__SR_1,2,128,2,differential,SB_0,SR_1,,
7,2,SB_0__SR_1,3,128,2,differential,SB_0,SR_1,,
7,2,SB_0__SR_1,4,128,2,differential,SB_0,SR_1,,
7,2,SB_0__SR_1,5,128,2,differential,SB_0,SR_1,,
7,2,SB_0__SR_1,6,128,2,differential,SB_0,SR_1,,
7,2,SB_0__SR_1,7,128,2,differential,SB_0,SR_1,,
7,2,SB_0__SR_1,8,128,2,differential,SB_0,SR_1,,
7,2,SB_0__SR_1,9,128,2,differential,SB_0,SR_1,,
7,2,SB_0__SR_1,10,128,2,differential,SB_0,SR_1,,
7,2,SB_0__SR_1,11,128,2,differential,SB_0,SR_1,,
7,2,SB_0__SR_1,12,128,2,differential,SB_0,SR_1,,
7,2,SB_0__SR_1,13,128,2,differential,SB_0,SR_1,,
7,2,SB_0__SR_1,14,128,2,differential,SB_0,SR_1,,
7,2,SB_0__SR_1,15,128,2,differential,SB_0,SR_1,,
7,2,SB_0__SR_1,16,128,2,differential,SB_0,SR_1,,
7,2,SB_0__SR_1,17,128,2,differential,SB_0,SR_1,,
7,2,SB_0__SR_1,18,128,2,differential,SB_0,SR_1,,
7,2,SB_0__SR_1,19,128,2,differential,SB_0,SR_1,,
7,2,SB_0__SR_32,0,128,2,differential,SB_0,SR_32,,
7,2,SB_0__SR_32,1,128,2,differential,SB_0,SR_32,,
7,2,SB_0__SR_32,2,128,2,differential,SB_0,SR_32,,
7,2,SB_0__SR_32,4,128,2,differential,SB_0,SR_32,,
7,2,SB_0__SR_32,5,128,2,differential,SB_0,SR_32,,
7,2,SB_0__SR_32,6,128,2,differential,SB_0,SR_32,,
7,2,SB_0__SR_32,11,128,2,differential,SB_0,SR_32,,
7,2,SB_0__SR_32,12,128,2,differential,SB_0,SR_32,,
7,2,SB_0__SR_32,13,128,2,differential,SB_0,SR_32,,
7,2,SB_0__SR_32,15,128,2,differential,SB_0,SR_32,,
7,2,SB_0__SR_32,18,128,2,differential,SB_0,SR_32,,
7,2,SB_0__SR_41,0,128,2,differential,SB_0,SR_41,,
7,2,SB_0__SR_41,1,128,2,differential,SB_0,SR_41,,
7,2,SB_0__SR_41,4,128,2,differential,SB_0,SR_41,,
7,2,SB_0__SR_41,13,128,2,differential,SB_0,SR_41,,
7,2,SB_0__SR_8,0,128,2,differential,SB_0,SR_8,,
7,2,SB_0__SR_8,1,128,2,differential,SB_0,SR_8,,
7,2,SB_0__SR_8,2,128,2,differential,SB_0,SR_8,,
7,2,SB_0__SR_8,3,128,2,differential,SB_0,SR_8,,
7,2,SB_0__SR_8,4,128,2,differential,SB_0,SR_8,,
7,2,SB_0__SR_8,5,128,2,differential,SB_0,SR_8,,
7,2,SB_0__SR_8,7,128,2,differential,SB_0,SR_8,,
7,2,SB_0__SR_8,8,128,2,differential,SB_0,SR_8,,
7,2,SB_0__SR_8,9,128,2,differential,SB_0,SR_8,,
7,2,SB_0__SR_8,10,128,2,differential,SB_0,SR_8,,
7,2,SB_0__SR_8,11,128,2,differential,SB_0,SR_8,,
7,2,SB_0__SR_8,12,128,2,differential,SB_0,SR_8,,
7,2,SB_0__SR_8,13,128,2,differential,SB_0,SR_8,,
7,2,SB_0__SR_8,14,128,2,differential,SB_0,SR_8,,
7,2,SB_0__SR_8,15,128,2,differential,SB_0,SR_8,,
7,2,SB_0__SR_8,16,128,2,differential,SB_0,SR_8,,
7,2,SB_0__SR_8,17,128,2,differential,SB_0,SR_8,,
7,2,SB_0__SR_8,18,128,2,differential,SB_0,SR_8,,
7,2,SB_0__SR_8,19,128,2,differential,SB_0,SR_8,,
7,2,SB_12__SR_6,0,128,2,differential,SB_12,SR_6,,
7,2,SB_12__SR_6,1,128,2,differential,SB_12,SR_6,,
7,2,SB_12__SR_6,2,128,2,differential,SB_12,SR_6,,
7,2,SB_19__SB_36,1,128,2,differential,SB_19,SB_36,,
7,2,SB_19__SB_36,2,128,2,differential,SB_19,SB_36,,
7,2,SB_1__SB_82,0,128,2,differential,SB_1,SB_82,,
7,2,SB_1__SB_82,1,128,2,differential,SB_1,SB_82,,
7,2,SB_1__SB_82,2,128,2,differential,SB_1,SB_82,,
7,2,SB_25__SR_66,0,128,2,differential,SB_25,SR_66,,
7,2,SB_25__SR_66,1,128,2,differential,SB_25,SR_66,,
7,2,SB_25__SR_66,2,128,2,differential,SB_25,SR_66,,
7,2,SB_28__SR_6,0,128,2,differential,SB_28,SR_6,,
7,2,SB_28__SR_6,1,128,2,differential,SB_28,SR_6,,
7,2,SB_28__SR_6,2,128,2,differential,SB_28,SR_6,,
7,2,SB_29__SR_108,0,128,2,differential,SB_29,SR_108,,
7,2,SB_29__SR_108,1,128,2,differential,SB_29,SR_108,,
7,2,SB_29__SR_108,2,128,2,differential,SB_29,SR_108,,
7,2,SB_30__SB_123,0,128,2,differential,SB_30,SB_123,,
7,2,SB_30__SB_123,1,128,2,differential,SB_30,SB_123,,
7,2,SB_30__SB_123,2,128,2,differential,SB_30,SB_123,,
7,2,SB_3__SR_109,0,128,2,differential,SB_3,SR_109,,
7,2,SB_3__SR_109,1,128,2,differential,SB_3,SR_109,,
7,2,SB_3__SR_109,2,128,2,differential,SB_3,SR_109,,
7,2,SB_3__SR_55,0,128,2,differential,SB_3,SR_55,,
7,2,SB_3__SR_55,2,128,2,differential,SB_3,SR_55,,
7,2,SB_42__SB_47,0,128,2,differential,SB_42,SB_47,,
7,2,SB_42__SB_47,1,128,2,differential,SB_42,SB_47,,
7,2,SB_42__SB_47,2,128,2,differential,SB_42,SB_47,,
7,2,SB_46__SB_89,1,128,2,differential,SB_46,SB_89,,
7,2,SB_4__SR_13,0,128,2,differential,SB_4,SR_13,,
7,2,SB_4__SR_13,1,128,2,differential,SB_4,SR_13,,
7,2,SB_4__SR_13,2,128,2,differential,SB_4,SR_13,,
7,2,SB_53__SR_101,0,128,2,differential,SB_53,SR_101,,
7,2,SB_53__SR_101,1,128,2,differential,SB_53,SR_101,,
7,2,SB_55__SB_110,0,128,2,differential,SB_55,SB_110,,
7,2,SB_55__SB_110,1,128,2,differential,SB_55,SB_110,,
7,2,SB_5__SB_97,0,128,2,differential,SB_5,SB_97,,
7,2,SB_5__SB_97,1,128,2,differential,SB_5,SB_97,,
7,2,SB_5__SB_97,2,128,2,differential,SB_5,SB_97,,
7,2,SB_62__SB_123,2,128,2,differential,SB_62,SB_123,,
7,2,SB_63__SB_96,0,128,2,differential,SB_63,SB_96,,
7,2,SB_63__SB_96,1,128,2,differential,SB_63,SB_96,,
7,2,SB_63__SB_96,2,128,2,differential,SB_63,SB_96,,
7,2,SB_63__SB_97,1,128,2,differential,SB_63,SB_97,,
7,2,SB_64__SR_97,0,128,2,differential,SB_64,SR_97,,
7,2,SB_64__SR_97,1,128,2,differential,SB_64,SR_97,,
7,2,SB_64__SR_97,2,128,2,differential,SB_64,SR_97,,
7,2,SB_69__SR_109,0,128,2,differential,SB_69,SR_109,,
7,2,SB_69__SR_109,1,128,2,differential,SB_69,SR_109,,
7,2,SB_69__SR_109,2,128,2,differential,SB_69,SR_109,,
7,2,SB_6__SB_103,0,128,2,differential,SB_6,SB_103,,
7,2,SB_6__SB_103,1,128,2,differential,SB_6,SB_103,,
7,2,SB_6__SB_103,2,128,2,differential,SB_6,SB_103,,
7,2,SB_71__SR_119,0,128,2,differential,SB_71,SR_119,,
7,2,SB_71__SR_119,1,128,2,differential,SB_71,SR_119,,
7,2,SB_71__SR_119,2,128,2,differential,SB_71,SR_119,,
7,2,SB_77__SR_18,2,128,2,differential,SB_77,SR_18,,
7,2,SB_7__SB_55,0,128,2,differential,SB_7,SB_55,,
7,2,SB_7__SB_55,1,128,2,differential,SB_7,SB_55,,
7,2,SB_83__SR_38,2,128,2,differential,SB_83,SR_38,,
7,2,SB_91__SR_98,2,128,2,differential,SB_91,SR_98,,
7,2,SB_9__SB_51,1,128,2,differential,SB_9,SB_51,,
7,2,SR_0__SR_1,0,128,2,differential,SR_0,SR_1,,
7,2,SR_0__SR_1,1,128,2,differential,SR_0,SR_1,,
7,2,SR_0__SR_1,2,128,2,differential,SR_0,SR_1,,
7,2,SR_0__SR_32,0,128,2,differential,SR_0,SR_32,,
7,2,SR_0__SR_32,1,128,2,differential,SR_0,SR_32,,
7,2,SR_0__SR_32,2,128,2,differential,SR_0,SR_32,,
7,2,SR_0__SR_41,0,128,2,differential,SR_0,SR_41,,
7,2,SR_0__SR_41,1,128,2,differential,SR_0,SR_41,,
7,2,SR_0__SR_57,0,128,2,differential,SR_0,SR_57,,
7,2,SR_0__SR_57,1,128,2,differential,SR_0,SR_57,,
7,2,SR_0__SR_57,2,128,2,differential,SR_0,SR_57,,
7,2,SR_104__SR_113,1,128,2,differential,SR_104,SR_113,,
7,2,SR_10__SR_63,0,128,2,differential,SR_10,SR_63,,
7,2,SR_10__SR_63,1,128,2,differential,SR_10,SR_63,,
7,2,SR_10__SR_63,2,128,2,differential,SR_10,SR_63,,
7,2,SR_10__SR_97,0,128,2,differential,SR_10,SR_97,,
7,2,SR_10__SR_97,1,128,2,differential,SR_10,SR_97,,
7,2,SR_10__SR_97,2,128,2,differential,SR_10,SR_97,,
7,2,SR_14__SR_97,0,128,2,differential,SR_14,SR_97,,
7,2,SR_14__SR_97,1,128,2,differential,SR_14,SR_97,,
7,2,SR_14__SR_97,2,128,2,differential,SR_14,SR_97,,
7,2,SR_30__SR_125,1,128,2,differential,SR_30,SR_125,,
7,2,SR_30__SR_125,2,128,2,differential,SR_30,SR_125,,
7,2,SR_33__SR_54,0,128,2,differential,SR_33,SR_54,,
7,2,SR_33__SR_54,2,128,2,differential,SR_33,SR_54,,
7,2,SR_46__SR_72,0,128,2,differential,SR_46,SR_72,,
7,2,SR_65__SR_115,0,128,2,differential,SR_65,SR_115,,
7,2,SR_65__SR_115,1,128,2,differential,SR_65,SR_115,,
7,2,SR_65__SR_115,2,128,2,differential,SR_65,SR_115,,
7,2,SR_72__SR_122,0,128,2,differential,SR_72,SR_122,,
7,2,SR_72__SR_122,1,128,2,differential,SR_72,SR_122,,
7,2,SR_72__SR_122,2,128,2,differential,SR_72,SR_122,,
7,2,SR_82__SR_119,0,128,2,differential,SR_82,SR_119,,
7,3,3bit_early__SB_101__SB_112__SR_86,0,128,2,differential,SB_101,SB_112,SR_86,
7,3,3bit_early__SB_101__SB_112__SR_86,1,128,2,differential,SB_101,SB_112,SR_86,
7,3,3bit_early__SB_101__SB_54__SR_24,0,128,2,differential,SB_101,SB_54,SR_24,
7,3,3bit_early__SB_101__SB_54__SR_24,1,128,2,differential,SB_101,SB_54,SR_24,
7,3,3bit_early__SB_101__SB_54__SR_24,2,128,2,differential,SB_101,SB_54,SR_24,
7,3,3bit_early__SB_102__SR_31__SR_76,0,128,2,differential,SB_102,SR_31,SR_76,
7,3,3bit_early__SB_102__SR_31__SR_76,1,128,2,differential,SB_102,SR_31,SR_76,
7,3,3bit_early__SB_102__SR_31__SR_76,2,128,2,differential,SB_102,SR_31,SR_76,
7,3,3bit_early__SB_107__SB_36__SR_8,1,128,2,differential,SB_107,SB_36,SR_8,
7,3,3bit_early__SB_107__SB_36__SR_8,2,128,2,differential,SB_107,SB_36,SR_8,
7,3,3bit_early__SB_108__SR_127__SR_33,2,128,2,differential,SB_108,SR_127,SR_33,
7,3,3bit_early__SB_109__SB_67__SR_120,0,128,2,differential,SB_109,SB_67,SR_120,
7,3,3bit_early__SB_109__SB_67__SR_120,1,128,2,differential,SB_109,SB_67,SR_120,
7,3,3bit_early__SB_109__SB_67__SR_120,2,128,2,differential,SB_109,SB_67,SR_120,
7,3,3bit_early__SB_112__SB_117__SB_3,0,128,2,differential,SB_112,SB_117,SB_3,
7,3,3bit_early__SB_112__SB_117__SB_3,1,128,2,differential,SB_112,SB_117,SB_3,
7,3,3bit_early__SB_115__SB_126__SB_61,2,128,2,differential,SB_115,SB_126,SB_61,
7,3,3bit_early__SB_119__SB_51__SR_66,0,128,2,differential,SB_119,SB_51,SR_66,
7,3,3bit_early__SB_119__SB_51__SR_66,1,128,2,differential,SB_119,SB_51,SR_66,
7,3,3bit_early__SB_119__SB_51__SR_66,2,128,2,differential,SB_119,SB_51,SR_66,
7,3,3bit_early__SB_121__SB_36__SR_14,1,128,2,differential,SB_121,SB_36,SR_14,
7,3,3bit_early__SB_121__SB_36__SR_14,2,128,2,differential,SB_121,SB_36,SR_14,
7,3,3bit_early__SB_122__SB_29__SR_29,0,128,2,differential,SB_122,SB_29,SR_29,
7,3,3bit_early__SB_122__SB_29__SR_29,1,128,2,differential,SB_122,SB_29,SR_29,
7,3,3bit_early__SB_122__SB_29__SR_29,2,128,2,differential,SB_122,SB_29,SR_29,
7,3,3bit_early__SB_123__SB_40__SB_43,0,128,2,differential,SB_123,SB_40,SB_43,
7,3,3bit_early__SB_123__SB_40__SB_43,1,128,2,differential,SB_123,SB_40,SB_43,
7,3,3bit_early__SB_123__SB_40__SB_43,2,128,2,differential,SB_123,SB_40,SB_43,
7,3,3bit_early__SB_124__SR_114__SR_80,0,128,2,differential,SB_124,SR_114,SR_80,
7,3,3bit_early__SB_124__SR_114__SR_80,1,128,2,differential,SB_124,SR_114,SR_80,
7,3,3bit_early__SB_125__SB_83__SB_87,1,128,2,differential,SB_125,SB_83,SB_87,
7,3,3bit_early__SB_125__SB_83__SB_87,2,128,2,differential,SB_125,SB_83,SB_87,
7,3,3bit_early__SB_126__SB_71__SR_7,0,128,2,differential,SB_126,SB_71,SR_7,
7,3,3bit_early__SB_126__SB_71__SR_7,1,128,2,differential,SB_126,SB_71,SR_7,
7,3,3bit_early__SB_126__SB_71__SR_7,2,128,2,differential,SB_126,SB_71,SR_7,
7,3,3bit_early__SB_12__SB_57__SR_12,0,128,2,differential,SB_12,SB_57,SR_12,
7,3,3bit_early__SB_12__SB_57__SR_12,1,128,2,differential,SB_12,SB_57,SR_12,
7,3,3bit_early__SB_12__SB_57__SR_12,2,128,2,differential,SB_12,SB_57,SR_12,
7,3,3bit_early__SB_15__SB_16__SB_47,0,128,2,differential,SB_15,SB_16,SB_47,
7,3,3bit_early__SB_15__SB_16__SB_47,1,128,2,differential,SB_15,SB_16,SB_47,
7,3,3bit_early__SB_15__SB_16__SB_47,2,128,2,differential,SB_15,SB_16,SB_47,
7,3,3bit_early__SB_16__SB_34__SR_41,1,128,2,differential,SB_16,SB_34,SR_41,
7,3,3bit_early__SB_16__SB_34__SR_41,2,128,2,differential,SB_16,SB_34,SR_41,
7,3,3bit_early__SB_1__SB_91__SR_6,0,128,2,differential,SB_1,SB_91,SR_6,
7,3,3bit_early__SB_1__SB_91__SR_6,1,128,2,differential,SB_1,SB_91,SR_6,
7,3,3bit_early__SB_1__SB_91__SR_6,2,128,2,differential,SB_1,SB_91,SR_6,
7,3,3bit_early__SB_22__SR_48__SR_7,0,128,2,differential,SB_22,SR_48,SR_7,
7,3,3bit_early__SB_22__SR_48__SR_7,2,128,2,differential,SB_22,SR_48,SR_7,
7,3,3bit_early__SB_23__SB_35__SB_98,1,128,2,differential,SB_23,SB_35,SB_98,
7,3,3bit_early__SB_23__SB_35__SB_98,2,128,2,differential,SB_23,SB_35,SB_98,
7,3,3bit_early__SB_24__SB_46__SR_124,2,128,2,differential,SB_24,SB_46,SR_124,
7,3,3bit_early__SB_27__SR_111__SR_82,0,128,2,differential,SB_27,SR_111,SR_82,
7,3,3bit_early__SB_27__SR_111__SR_82,1,128,2,differential,SB_27,SR_111,SR_82,
7,3,3bit_early__SB_32__SR_69__SR_88,0,128,2,differential,SB_32,SR_69,SR_88,
7,3,3bit_early__SB_32__SR_69__SR_88,1,128,2,differential,SB_32,SR_69,SR_88,
7,3,3bit_early__SB_32__SR_69__SR_88,2,128,2,differential,SB_32,SR_69,SR_88,
7,3,3bit_early__SB_33__SR_77__SR_9,0,128,2,differential,SB_33,SR_77,SR_9,
7,3,3bit_early__SB_33__SR_77__SR_9,2,128,2,differential,SB_33,SR_77,SR_9,
7,3,3bit_early__SB_35__SB_64__SR_120,0,128,2,differential,SB_35,SB_64,SR_120,
7,3,3bit_early__SB_35__SB_64__SR_120,1,128,2,differential,SB_35,SB_64,SR_120,
7,3,3bit_early__SB_35__SB_64__SR_120,2,128,2,differential,SB_35,SB_64,SR_120,
7,3,3bit_early__SB_3__SR_101__SR_14,0,128,2,differential,SB_3,SR_101,SR_14,
7,3,3bit_early__SB_3__SR_101__SR_14,1,128,2,differential,SB_3,SR_101,SR_14,
7,3,3bit_early__SB_3__SR_101__SR_14,2,128,2,differential,SB_3,SR_101,SR_14,
7,3,3bit_early__SB_40__SR_22__SR_57,2,128,2,differential,SB_40,SR_22,SR_57,
7,3,3bit_early__SB_47__SB_52__SR_44,0,128,2,differential,SB_47,SB_52,SR_44,
7,3,3bit_early__SB_48__SB_49__SB_97,0,128,2,differential,SB_48,SB_49,SB_97,
7,3,3bit_early__SB_48__SB_49__SB_97,1,128,2,differential,SB_48,SB_49,SB_97,
7,3,3bit_early__SB_48__SB_49__SB_97,2,128,2,differential,SB_48,SB_49,SB_97,
7,3,3bit_early__SB_49__SR_55__SR_66,0,128,2,differential,SB_49,SR_55,SR_66,
7,3,3bit_early__SB_49__SR_55__SR_66,1,128,2,differential,SB_49,SR_55,SR_66,
7,3,3bit_early__SB_56__SB_78__SB_81,0,128,2,differential,SB_56,SB_78,SB_81,
7,3,3bit_early__SB_56__SB_78__SB_81,1,128,2,differential,SB_56,SB_78,SB_81,
7,3,3bit_early__SB_56__SB_78__SB_81,2,128,2,differential,SB_56,SB_78,SB_81,
7,3,3bit_early__SB_57__SR_22__SR_46,0,128,2,differential,SB_57,SR_22,SR_46,
7,3,3bit_early__SB_57__SR_22__SR_46,1,128,2,differential,SB_57,SR_22,SR_46,
7,3,3bit_early__SB_57__SR_22__SR_46,2,128,2,differential,SB_57,SR_22,SR_46,
7,3,3bit_early__SB_5__SB_58__SR_8,1,128,2,differential,SB_5,SB_58,SR_8,
7,3,3bit_early__SB_65__SB_84__SR_115,0,128,2,differential,SB_65,SB_84,SR_115,
7,3,3bit_early__SB_65__SB_84__SR_115,1,128,2,differential,SB_65,SB_84,SR_115,
7,3,3bit_early__SB_81__SR_46__SR_88,0,128,2,differential,SB_81,SR_46,SR_88,
7,3,3bit_early__SB_81__SR_46__SR_88,1,128,2,differential,SB_81,SR_46,SR_88,
7,3,3bit_early__SB_81__SR_46__SR_88,2,128,2,differential,SB_81,SR_46,SR_88,
7,3,3bit_early__SR_0__SR_111__SR_67,0,128,2,differential,SR_0,SR_111,SR_67,
7,3,3bit_early__SR_0__SR_111__SR_67,1,128,2,differential,SR_0,SR_111,SR_67,
7,3,3bit_early__SR_0__SR_111__SR_67,2,128,2,differential,SR_0,SR_111,SR_67,
7,3,3bit_early__SR_103__SR_63__SR_96,0,128,2,differential,SR_103,SR_63,SR_96,
7,3,3bit_early__SR_103__SR_63__SR_96,1,128,2,differential,SR_103,SR_63,SR_96,
7,3,3bit_early__SR_103__SR_63__SR_96,2,128,2,differential,SR_103,SR_63,SR_96,
7,3,3bit_early__SR_104__SR_14__SR_58,0,128,2,differential,SR_104,SR_14,SR_58,
7,3,3bit_early__SR_104__SR_14__SR_58,1,128,2,differential,SR_104,SR_14,SR_58,
7,3,3bit_early__SR_104__SR_14__SR_58,2,128,2,differential,SR_104,SR_14,SR_58,
7,3,3bit_early__SR_10__SR_108__SR_66,0,128,2,differential,SR_10,SR_108,SR_66,
7,3,3bit_early__SR_10__SR_108__SR_66,1,128,2,differential,SR_10,SR_108,SR_66,
7,3,3bit_early__SR_53__SR_88__SR_92,0,128,2,differential,SR_53,SR_88,SR_92,
7,3,3bit_early__SR_53__SR_88__SR_92,2,128,2,differential,SR_53,SR_88,SR_92,
7_1,2,SB_0__SB_30,0,32,2,differential,SB_0,SB_30,,
7_1,2,SB_0__SB_30,1,32,2,differential,SB_0,SB_30,,
7_1,2,SB_0__SB_30,2,32,2,differential,SB_0,SB_30,,
7_1,2,SB_106__SR_1,0,32,2,differential,SB_106,SR_1,,
7_1,2,SB_106__SR_1,1,32,2,differential,SB_106,SR_1,,
7_1,2,SB_106__SR_1,2,32,2,differential,SB_106,SR_1,,
7_1,2,SB_108__SB_121,0,32,2,differential,SB_108,SB_121,,
7_1,2,SB_108__SB_121,1,32,2,differential,SB_108,SB_121,,
7_1,2,SB_108__SB_121,2,32,2,differential,SB_108,SB_121,,
7_1,2,SB_120__SR_47,0,32,2,differential,SB_120,SR_47,,
7_1,2,SB_120__SR_47,1,32,2,differential,SB_120,SR_47,,
7_1,2,SB_120__SR_47,2,32,2,differential,SB_120,SR_47,,
7_1,2,SB_24__SB_34,0,32,2,differential,SB_24,SB_34,,
7_1,2,SB_24__SB_34,1,32,2,differential,SB_24,SB_34,,
7_1,2,SB_24__SB_34,2,32,2,differential,SB_24,SB_34,,
7_1,2,SB_28__SR_14,0,32,2,differential,SB_28,SR_14,,
7_1,2,SB_28__SR_14,1,32,2,differential,SB_28,SR_14,,
7_1,2,SB_28__SR_14,2,32,2,differential,SB_28,SR_14,,
7_1,2,SB_30__SR_102,0,32,2,differential,SB_30,SR_102,,
7_1,2,SB_30__SR_102,1,32,2,differential,SB_30,SR_102,,
7_1,2,SB_30__SR_102,2,32,2,differential,SB_30,SR_102,,
7_1,2,SB_47__SB_50,0,32,2,differential,SB_47,SB_50,,
7_1,2,SB_47__SB_50,1,32,2,differential,SB_47,SB_50,,
7_1,2,SB_47__SB_50,2,32,2,differential,SB_47,SB_50,,
7_1,2,SB_59__SB_67,0,32,2,differential,SB_59,SB_67,,
7_1,2,SB_59__SB_67,1,32,2,differential,SB_59,SB_67,,
7_1,2,SB_59__SB_67,2,32,2,differential,SB_59,SB_67,,
7_1,2,SB_5__SB_125,0,32,2,differential,SB_5,SB_125,,
7_1,2,SB_5__SB_125,1,32,2,differential,SB_5,SB_125,,
7_1,2,SB_5__SB_125,2,32,2,differential,SB_5,SB_125,,
7_1,2,SB_5__SB_73,0,32,2,differential,SB_5,SB_73,,
7_1,2,SB_5__SB_73,1,32,2,differential,SB_5,SB_73,,
7_1,2,SB_5__SB_73,2,32,2,differential,SB_5,SB_73,,
7_1,2,SB_5__SR_55,0,32,2,differential,SB_5,SR_55,,
7_1,2,SB_5__SR_55,1,32,2,differential,SB_5,SR_55,,
7_1,2,SB_5__SR_55,2,32,2,differential,SB_5,SR_55,,
7_1,2,SB_62__SR_39,0,32,2,differential,SB_62,SR_39,,
7_1,2,SB_62__SR_39,1,32,2,differential,SB_62,SR_39,,
7_1,2,SB_62__SR_39,2,32,2,differential,SB_62,SR_39,,
7_1,2,SB_68__SR_51,0,32,2,differential,SB_68,SR_51,,
7_1,2,SB_68__SR_51,1,32,2,differential,SB_68,SR_51,,
7_1,2,SB_68__SR_51,2,32,2,differential,SB_68,SR_51,,
7_1,2,SB_68__SR_52,0,32,2,differential,SB_68,SR_52,,
7_1,2,SB_68__SR_52,1,32,2,differential,SB_68,SR_52,,
7_1,2,SB_68__SR_52,2,32,2,differential,SB_68,SR_52,,
7_1,2,SB_68__SR_62,0,32,2,differential,SB_68,SR_62,,
7_1,2,SB_68__SR_62,1,32,2,differential,SB_68,SR_62,,
7_1,2,SB_68__SR_62,2,32,2,differential,SB_68,SR_62,,
7_1,2,SB_69__SB_90,0,32,2,differential,SB_69,SB_90,,
7_1,2,SB_69__SB_90,1,32,2,differential,SB_69,SB_90,,
7_1,2,SB_69__SB_90,2,32,2,differential,SB_69,SB_90,,
7_1,2,SB_95__SR_78,0,32,2,differential,SB_95,SR_78,,
7_1,2,SB_95__SR_78,1,32,2,differential,SB_95,SR_78,,
7_1,2,SB_95__SR_78,2,32,2,differential,SB_95,SR_78,,
7_1,2,SR_0__SR_88,0,32,2,differential,SR_0,SR_88,,
7_1,2,SR_0__SR_88,1,32,2,differential,SR_0,SR_88,,
7_1,2,SR_0__SR_88,2,32,2,differential,SR_0,SR_88,,
7_1,2,SR_100__SR_120,0,32,2,differential,SR_100,SR_120,,
7_1,2,SR_100__SR_120,1,32,2,differential,SR_100,SR_120,,
7_1,2,SR_100__SR_120,2,32,2,differential,SR_100,SR_120,,
7_1,2,SR_103__SR_119,0,32,2,differential,SR_103,SR_119,,
7_1,2,SR_103__SR_119,1,32,2,differential,SR_103,SR_119,,
7_1,2,SR_103__SR_119,2,32,2,differential,SR_103,SR_119,,
7_1,2,SR_10__SR_67,0,32,2,differential,SR_10,SR_67,,
7_1,2,SR_10__SR_67,1,32,2,differential,SR_10,SR_67,,
7_1,2,SR_10__SR_67,2,32,2,differential,SR_10,SR_67,,
7_1,2,SR_21__SR_67,0,32,2,differential,SR_21,SR_67,,
7_1,2,SR_21__SR_67,1,32,2,differential,SR_21,SR_67,,
7_1,2,SR_21__SR_67,2,32,2,differential,SR_21,SR_67,,
7_1,2,SR_36__SR_95,0,32,2,differential,SR_36,SR_95,,
7_1,2,SR_36__SR_95,1,32,2,differential,SR_36,SR_95,,
7_1,2,SR_36__SR_95,2,32,2,differential,SR_36,SR_95,,
7_1,2,SR_38__SR_102,0,32,2,differential,SR_38,SR_102,,
7_1,2,SR_38__SR_102,1,32,2,differential,SR_38,SR_102,,
7_1,2,SR_38__SR_102,2,32,2,differential,SR_38,SR_102,,
7_1,2,SR_4__SR_127,0,32,2,differential,SR_4,SR_127,,
7_1,2,SR_4__SR_127,1,32,2,differential,SR_4,SR_127,,
7_1,2,SR_4__SR_127,2,32,2,differential,SR_4,SR_127,,
7_1,3,3bit_gap_early__SB_0__SB_30__SB_89,0,32,2,differential,SB_0,SB_30,SB_89,
7_1,3,3bit_gap_early__SB_0__SB_30__SB_89,1,32,2,differential,SB_0,SB_30,SB_89,
7_1,3,3bit_gap_early__SB_0__SB_30__SB_89,2,32,2,differential,SB_0,SB_30,SB_89,
7_1,3,3bit_gap_early__SB_101__SB_59__SB_67,0,32,2,differential,SB_101,SB_59,SB_67,
7_1,3,3bit_gap_early__SB_101__SB_59__SB_67,1,32,2,differential,SB_101,SB_59,SB_67,
7_1,3,3bit_gap_early__SB_101__SB_59__SB_67,2,32,2,differential,SB_101,SB_59,SB_67,
7_1,3,3bit_gap_early__SB_106__SR_1__SR_16,0,32,2,differential,SB_106,SR_1,SR_16,
7_1,3,3bit_gap_early__SB_106__SR_1__SR_16,1,32,2,differential,SB_106,SR_1,SR_16,
7_1,3,3bit_gap_early__SB_106__SR_1__SR_16,2,32,2,differential,SB_106,SR_1,SR_16,
7_1,3,3bit_gap_early__SB_108__SB_121__SR_16,0,32,2,differential,SB_108,SB_121,SR_16,
7_1,3,3bit_gap_early__SB_108__SB_121__SR_16,1,32,2,differential,SB_108,SB_121,SR_16,
7_1,3,3bit_gap_early__SB_108__SB_121__SR_16,2,32,2,differential,SB_108,SB_121,SR_16,
7_1,3,3bit_gap_early__SB_120__SB_82__SR_47,0,32,2,differential,SB_120,SB_82,SR_47,
7_1,3,3bit_gap_early__SB_120__SB_82__SR_47,1,32,2,differential,SB_120,SB_82,SR_47,
7_1,3,3bit_gap_early__SB_120__SB_82__SR_47,2,32,2,differential,SB_120,SB_82,SR_47,
7_1,3,3bit_gap_early__SB_125__SB_48__SB_5,0,32,2,differential,SB_125,SB_48,SB_5,
7_1,3,3bit_gap_early__SB_125__SB_48__SB_5,1,32,2,differential,SB_125,SB_48,SB_5,
7_1,3,3bit_gap_early__SB_125__SB_48__SB_5,2,32,2,differential,SB_125,SB_48,SB_5,
7_1,3,3bit_gap_early__SB_12__SR_127__SR_4,0,32,2,differential,SB_12,SR_127,SR_4,
7_1,3,3bit_gap_early__SB_12__SR_127__SR_4,1,32,2,differential,SB_12,SR_127,SR_4,
7_1,3,3bit_gap_early__SB_12__SR_127__SR_4,2,32,2,differential,SB_12,SR_127,SR_4,
7_1,3,3bit_gap_early__SB_13__SB_62__SR_39,0,32,2,differential,SB_13,SB_62,SR_39,
7_1,3,3bit_gap_early__SB_13__SB_62__SR_39,1,32,2,differential,SB_13,SB_62,SR_39,
7_1,3,3bit_gap_early__SB_13__SB_62__SR_39,2,32,2,differential,SB_13,SB_62,SR_39,
7_1,3,3bit_gap_early__SB_24__SB_34__SB_38,0,32,2,differential,SB_24,SB_34,SB_38,
7_1,3,3bit_gap_early__SB_24__SB_34__SB_38,1,32,2,differential,SB_24,SB_34,SB_38,
7_1,3,3bit_gap_early__SB_24__SB_34__SB_38,2,32,2,differential,SB_24,SB_34,SB_38,
7_1,3,3bit_gap_early__SB_26__SB_68__SR_62,0,32,2,differential,SB_26,SB_68,SR_62,
7_1,3,3bit_gap_early__SB_26__SB_68__SR_62,1,32,2,differential,SB_26,SB_68,SR_62,
7_1,3,3bit_gap_early__SB_26__SB_68__SR_62,2,32,2,differential,SB_26,SB_68,SR_62,
7_1,3,3bit_gap_early__SB_28__SR_14__SR_65,0,32,2,differential,SB_28,SR_14,SR_65,
7_1,3,3bit_gap_early__SB_28__SR_14__SR_65,1,32,2,differential,SB_28,SR_14,SR_65,
7_1,3,3bit_gap_early__SB_28__SR_14__SR_65,2,32,2,differential,SB_28,SR_14,SR_65,
7_1,3,3bit_gap_early__SB_30__SR_102__SR_38,0,32,2,differential,SB_30,SR_102,SR_38,
7_1,3,3bit_gap_early__SB_30__SR_102__SR_38,1,32,2,differential,SB_30,SR_102,SR_38,
7_1,3,3bit_gap_early__SB_30__SR_102__SR_38,2,32,2,differential,SB_30,SR_102,SR_38,
7_1,3,3bit_gap_early__SB_30__SR_102__SR_6,0,32,2,differential,SB_30,SR_102,SR_6,
7_1,3,3bit_gap_early__SB_30__SR_102__SR_6,1,32,2,differential,SB_30,SR_102,SR_6,
7_1,3,3bit_gap_early__SB_30__SR_102__SR_6,2,32,2,differential,SB_30,SR_102,SR_6,
7_1,3,3bit_gap_early__SB_47__SB_50__SR_44,0,32,2,differential,SB_47,SB_50,SR_44,
7_1,3,3bit_gap_early__SB_47__SB_50__SR_44,1,32,2,differential,SB_47,SB_50,SR_44,
7_1,3,3bit_gap_early__SB_47__SB_50__SR_44,2,32,2,differential,SB_47,SB_50,SR_44,
7_1,3,3bit_gap_early__SB_5__SB_73__SR_82,0,32,2,differential,SB_5,SB_73,SR_82,
7_1,3,3bit_gap_early__SB_5__SB_73__SR_82,1,32,2,differential,SB_5,SB_73,SR_82,
7_1,3,3bit_gap_early__SB_5__SB_73__SR_82,2,32,2,differential,SB_5,SB_73,SR_82,
7_1,3,3bit_gap_early__SB_5__SR_106__SR_55,0,32,2,differential,SB_5,SR_106,SR_55,
7_1,3,3bit_gap_early__SB_5__SR_106__SR_55,1,32,2,differential,SB_5,SR_106,SR_55,
7_1,3,3bit_gap_early__SB_5__SR_106__SR_55,2,32,2,differential,SB_5,SR_106,SR_55,
7_1,3,3bit_gap_early__SB_68__SB_96__SR_51,0,32,2,differential,SB_68,SB_96,SR_51,
7_1,3,3bit_gap_early__SB_68__SB_96__SR_51,1,32,2,differential,SB_68,SB_96,SR_51,
7_1,3,3bit_gap_early__SB_68__SB_96__SR_51,2,32,2,differential,SB_68,SB_96,SR_51,
7_1,3,3bit_gap_early__SB_68__SR_126__SR_52,0,32,2,differential,SB_68,SR_126,SR_52,
7_1,3,3bit_gap_early__SB_68__SR_126__SR_52,1,32,2,differential,SB_68,SR_126,SR_52,
7_1,3,3bit_gap_early__SB_68__SR_126__SR_52,2,32,2,differential,SB_68,SR_126,SR_52,
7_1,3,3bit_gap_early__SB_69__SB_90__SR_89,0,32,2,differential,SB_69,SB_90,SR_89,
7_1,3,3bit_gap_early__SB_69__SB_90__SR_89,1,32,2,differential,SB_69,SB_90,SR_89,
7_1,3,3bit_gap_early__SB_69__SB_90__SR_89,2,32,2,differential,SB_69,SB_90,SR_89,
7_1,3,3bit_gap_early__SB_95__SR_114__SR_78,0,32,2,differential,SB_95,SR_114,SR_78,
7_1,3,3bit_gap_early__SB_95__SR_114__SR_78,1,32,2,differential,SB_95,SR_114,SR_78,
7_1,3,3bit_gap_early__SB_95__SR_114__SR_78,2,32,2,differential,SB_95,SR_114,SR_78,
7_1,3,3bit_gap_early__SR_0__SR_51__SR_88,0,32,2,differential,SR_0,SR_51,SR_88,
7_1,3,3bit_gap_early__SR_0__SR_51__SR_88,1,32,2,differential,SR_0,SR_51,SR_88,
7_1,3,3bit_gap_early__SR_0__SR_51__SR_88,2,32,2,differential,SR_0,SR_51,SR_88,
7_1,3,3bit_gap_early__SR_100__SR_109__SR_120,0,32,2,differential,SR_100,SR_109,SR_120,
7_1,3,3bit_gap_early__SR_100__SR_109__SR_120,1,32,2,differential,SR_100,SR_109,SR_120,
7_1,3,3bit_gap_early__SR_100__SR_109__SR_120,2,32,2,differential,SR_100,SR_109,SR_120,
7_1,3,3bit_gap_early__SR_103__SR_119__SR_81,0,32,2,differential,SR_103,SR_119,SR_81,
7_1,3,3bit_gap_early__SR_103__SR_119__SR_81,1,32,2,differential,SR_103,SR_119,SR_81,
7_1,3,3bit_gap_early__SR_103__SR_119__SR_81,2,32,2,differential,SR_103,SR_119,SR_81,
7_1,3,3bit_gap_early__SR_103__SR_36__SR_95,0,32,2,differential,SR_103,SR_36,SR_95,
7_1,3,3bit_gap_early__SR_103__SR_36__SR_95,1,32,2,differential,SR_103,SR_36,SR_95,
7_1,3,3bit_gap_early__SR_103__SR_36__SR_95,2,32,2,differential,SR_103,SR_36,SR_95,
7_1,3,3bit_gap_early__SR_10__SR_67__SR_79,0,32,2,differential,SR_10,SR_67,SR_79,
7_1,3,3bit_gap_early__SR_10__SR_67__SR_79,1,32,2,differential,SR_10,SR_67,SR_79,
7_1,3,3bit_gap_early__SR_10__SR_67__SR_79,2,32,2,differential,SR_10,SR_67,SR_79,
7_1,3,3bit_gap_early__SR_21__SR_3__SR_67,0,32,2,differential,SR_21,SR_3,SR_67,
7_1,3,3bit_gap_early__SR_21__SR_3__SR_67,1,32,2,differential,SR_21,SR_3,SR_67,
7_1,3,3bit_gap_early__SR_21__SR_3__SR_67,2,32,2,differential,SR_21,SR_3,SR_67,
