candidate_id,stage,bit_index,byte_index,row,column,bit_in_byte,class,notes
SB_0,SB,0,0,0,0,0,early,SB output byte 0 row 0 col 0 bit 0
SB_1,SB,1,0,0,0,1,early,SB output byte 0 row 0 col 0 bit 1
SB_2,SB,2,0,0,0,2,early,SB output byte 0 row 0 col 0 bit 2
SB_3,SB,3,0,0,0,3,early,SB output byte 0 row 0 col 0 bit 3
SB_4,SB,4,0,0,0,4,early,SB output byte 0 row 0 col 0 bit 4
SB_5,SB,5,0,0,0,5,early,SB output byte 0 row 0 col 0 bit 5
SB_6,SB,6,0,0,0,6,early,SB output byte 0 row 0 col 0 bit 6
SB_7,SB,7,0,0,0,7,early,SB output byte 0 row 0 col 0 bit 7
SB_8,SB,8,1,1,0,0,early,SB output byte 1 row 1 col 0 bit 0
SB_9,SB,9,1,1,0,1,early,SB output byte 1 row 1 col 0 bit 1
SB_10,SB,10,1,1,0,2,early,SB output byte 1 row 1 col 0 bit 2
SB_11,SB,11,1,1,0,3,early,SB output byte 1 row 1 col 0 bit 3
SB_12,SB,12,1,1,0,4,early,SB output byte 1 row 1 col 0 bit 4
SB_13,SB,13,1,1,0,5,early,SB output byte 1 row 1 col 0 bit 5
SB_14,SB,14,1,1,0,6,early,SB output byte 1 row 1 col 0 bit 6
SB_15,SB,15,1,1,0,7,early,SB output byte 1 row 1 col 0 bit 7
SB_16,SB,16,2,2,0,0,early,SB output byte 2 row 2 col 0 bit 0
SB_17,SB,17,2,2,0,1,early,SB output byte 2 row 2 col 0 bit 1
SB_18,SB,18,2,2,0,2,early,SB output byte 2 row 2 col 0 bit 2
SB_19,SB,19,2,2,0,3,early,SB output byte 2 row 2 col 0 bit 3
SB_20,SB,20,2,2,0,4,early,SB output byte 2 row 2 col 0 bit 4
SB_21,SB,21,2,2,0,5,early,SB output byte 2 row 2 col 0 bit 5
SB_22,SB,22,2,2,0,6,early,SB output byte 2 row 2 col 0 bit 6
SB_23,SB,23,2,2,0,7,early,SB output byte 2 row 2 col 0 bit 7
SB_24,SB,24,3,3,0,0,early,SB output byte 3 row 3 col 0 bit 0
SB_25,SB,25,3,3,0,1,early,SB output byte 3 row 3 col 0 bit 1
SB_26,SB,26,3,3,0,2,early,SB output byte 3 row 3 col 0 bit 2
SB_27,SB,27,3,3,0,3,early,SB output byte 3 row 3 col 0 bit 3
SB_28,SB,28,3,3,0,4,early,SB output byte 3 row 3 col 0 bit 4
SB_29,SB,29,3,3,0,5,early,SB output byte 3 row 3 col 0 bit 5
SB_30,SB,30,3,3,0,6,early,SB output byte 3 row 3 col 0 bit 6
SB_31,SB,31,3,3,0,7,early,SB output byte 3 row 3 col 0 bit 7
SB_32,SB,32,4,0,1,0,early,SB output byte 4 row 0 col 1 bit 0
SB_33,SB,33,4,0,1,1,early,SB output byte 4 row 0 col 1 bit 1
SB_34,SB,34,4,0,1,2,early,SB output byte 4 row 0 col 1 bit 2
SB_35,SB,35,4,0,1,3,early,SB output byte 4 row 0 col 1 bit 3
SB_36,SB,36,4,0,1,4,early,SB output byte 4 row 0 col 1 bit 4
SB_37,SB,37,4,0,1,5,early,SB output byte 4 row 0 col 1 bit 5
SB_38,SB,38,4,0,1,6,early,SB output byte 4 row 0 col 1 bit 6
SB_39,SB,39,4,0,1,7,early,SB output byte 4 row 0 col 1 bit 7
SB_40,SB,40,5,1,1,0,early,SB output byte 5 row 1 col 1 bit 0
SB_41,SB,41,5,1,1,1,early,SB output byte 5 row 1 col 1 bit 1
SB_42,SB,42,5,1,1,2,early,SB output byte 5 row 1 col 1 bit 2
SB_43,SB,43,5,1,1,3,early,SB output byte 5 row 1 col 1 bit 3
SB_44,SB,44,5,1,1,4,early,SB output byte 5 row 1 col 1 bit 4
SB_45,SB,45,5,1,1,5,early,SB output byte 5 row 1 col 1 bit 5
SB_46,SB,46,5,1,1,6,early,SB output byte 5 row 1 col 1 bit 6
SB_47,SB,47,5,1,1,7,early,SB output byte 5 row 1 col 1 bit 7
SB_48,SB,48,6,2,1,0,early,SB output byte 6 row 2 col 1 bit 0
SB_49,SB,49,6,2,1,1,early,SB output byte 6 row 2 col 1 bit 1
SB_50,SB,50,6,2,1,2,early,SB output byte 6 row 2 col 1 bit 2
SB_51,SB,51,6,2,1,3,early,SB output byte 6 row 2 col 1 bit 3
SB_52,SB,52,6,2,1,4,early,SB output byte 6 row 2 col 1 bit 4
SB_53,SB,53,6,2,1,5,early,SB output byte 6 row 2 col 1 bit 5
SB_54,SB,54,6,2,1,6,early,SB output byte 6 row 2 col 1 bit 6
SB_55,SB,55,6,2,1,7,early,SB output byte 6 row 2 col 1 bit 7
SB_56,SB,56,7,3,1,0,early,SB output byte 7 row 3 col 1 bit 0
SB_57,SB,57,7,3,1,1,early,SB output byte 7 row 3 col 1 bit 1
SB_58,SB,58,7,3,1,2,early,SB output byte 7 row 3 col 1 bit 2
SB_59,SB,59,7,3,1,3,early,SB output byte 7 row 3 col 1 bit 3
SB_60,SB,60,7,3,1,4,early,SB output byte 7 row 3 col 1 bit 4
SB_61,SB,61,7,3,1,5,early,SB output byte 7 row 3 col 1 bit 5
SB_62,SB,62,7,3,1,6,early,SB output byte 7 row 3 col 1 bit 6
SB_63,SB,63,7,3,1,7,early,SB output byte 7 row 3 col 1 bit 7
SB_64,SB,64,8,0,2,0,early,SB output byte 8 row 0 col 2 bit 0
SB_65,SB,65,8,0,2,1,early,SB output byte 8 row 0 col 2 bit 1
SB_66,SB,66,8,0,2,2,early,SB output byte 8 row 0 col 2 bit 2
SB_67,SB,67,8,0,2,3,early,SB output byte 8 row 0 col 2 bit 3
SB_68,SB,68,8,0,2,4,early,SB output byte 8 row 0 col 2 bit 4
SB_69,SB,69,8,0,2,5,early,SB output byte 8 row 0 col 2 bit 5
SB_70,SB,70,8,0,2,6,early,SB output byte 8 row 0 col 2 bit 6
SB_71,SB,71,8,0,2,7,early,SB output byte 8 row 0 col 2 bit 7
SB_72,SB,72,9,1,2,0,early,SB output byte 9 row 1 col 2 bit 0
SB_73,SB,73,9,1,2,1,early,SB output byte 9 row 1 col 2 bit 1
SB_74,SB,74,9,1,2,2,early,SB output byte 9 row 1 col 2 bit 2
SB_75,SB,75,9,1,2,3,early,SB output byte 9 row 1 col 2 bit 3
SB_76,SB,76,9,1,2,4,early,SB output byte 9 row 1 col 2 bit 4
SB_77,SB,77,9,1,2,5,early,SB output byte 9 row 1 col 2 bit 5
SB_78,SB,78,9,1,2,6,early,SB output byte 9 row 1 col 2 bit 6
SB_79,SB,79,9,1,2,7,early,SB output byte 9 row 1 col 2 bit 7
SB_80,SB,80,10,2,2,0,early,SB output byte 10 row 2 col 2 bit 0
SB_81,SB,81,10,2,2,1,early,SB output byte 10 row 2 col 2 bit 1
SB_82,SB,82,10,2,2,2,early,SB output byte 10 row 2 col 2 bit 2
SB_83,SB,83,10,2,2,3,early,SB output byte 10 row 2 col 2 bit 3
SB_84,SB,84,10,2,2,4,early,SB output byte 10 row 2 col 2 bit 4
SB_85,SB,85,10,2,2,5,early,SB output byte 10 row 2 col 2 bit 5
SB_86,SB,86,10,2,2,6,early,SB output byte 10 row 2 col 2 bit 6
SB_87,SB,87,10,2,2,7,early,SB output byte 10 row 2 col 2 bit 7
SB_88,SB,88,11,3,2,0,early,SB output byte 11 row 3 col 2 bit 0
SB_89,SB,89,11,3,2,1,early,SB output byte 11 row 3 col 2 bit 1
SB_90,SB,90,11,3,2,2,early,SB output byte 11 row 3 col 2 bit 2
SB_91,SB,91,11,3,2,3,early,SB output byte 11 row 3 col 2 bit 3
SB_92,SB,92,11,3,2,4,early,SB output byte 11 row 3 col 2 bit 4
SB_93,SB,93,11,3,2,5,early,SB output byte 11 row 3 col 2 bit 5
SB_94,SB,94,11,3,2,6,early,SB output byte 11 row 3 col 2 bit 6
SB_95,SB,95,11,3,2,7,early,SB output byte 11 row 3 col 2 bit 7
SB_96,SB,96,12,0,3,0,early,SB output byte 12 row 0 col 3 bit 0
SB_97,SB,97,12,0,3,1,early,SB output byte 12 row 0 col 3 bit 1
SB_98,SB,98,12,0,3,2,early,SB output byte 12 row 0 col 3 bit 2
SB_99,SB,99,12,0,3,3,early,SB output byte 12 row 0 col 3 bit 3
SB_100,SB,100,12,0,3,4,early,SB output byte 12 row 0 col 3 bit 4
SB_101,SB,101,12,0,3,5,early,SB output byte 12 row 0 col 3 bit 5
SB_102,SB,102,12,0,3,6,early,SB output byte 12 row 0 col 3 bit 6
SB_103,SB,103,12,0,3,7,early,SB output byte 12 row 0 col 3 bit 7
SB_104,SB,104,13,1,3,0,early,SB output byte 13 row 1 col 3 bit 0
SB_105,SB,105,13,1,3,1,early,SB output byte 13 row 1 col 3 bit 1
SB_106,SB,106,13,1,3,2,early,SB output byte 13 row 1 col 3 bit 2
SB_107,SB,107,13,1,3,3,early,SB output byte 13 row 1 col 3 bit 3
SB_108,SB,108,13,1,3,4,early,SB output byte 13 row 1 col 3 bit 4
SB_109,SB,109,13,1,3,5,early,SB output byte 13 row 1 col 3 bit 5
SB_110,SB,110,13,1,3,6,early,SB output byte 13 row 1 col 3 bit 6
SB_111,SB,111,13,1,3,7,early,SB output byte 13 row 1 col 3 bit 7
SB_112,SB,112,14,2,3,0,early,SB output byte 14 row 2 col 3 bit 0
SB_113,SB,113,14,2,3,1,early,SB output byte 14 row 2 col 3 bit 1
SB_114,SB,114,14,2,3,2,early,SB output byte 14 row 2 col 3 bit 2
SB_115,SB,115,14,2,3,3,early,SB output byte 14 row 2 col 3 bit 3
SB_116,SB,116,14,2,3,4,early,SB output byte 14 row 2 col 3 bit 4
SB_117,SB,117,14,2,3,5,early,SB output byte 14 row 2 col 3 bit 5
SB_118,SB,118,14,2,3,6,early,SB output byte 14 row 2 col 3 bit 6
SB_119,SB,119,14,2,3,7,early,SB output byte 14 row 2 col 3 bit 7
SB_120,SB,120,15,3,3,0,early,SB output byte 15 row 3 col 3 bit 0
SB_121,SB,121,15,3,3,1,early,SB output byte 15 row 3 col 3 bit 1
SB_122,SB,122,15,3,3,2,early,SB output byte 15 row 3 col 3 bit 2
SB_123,SB,123,15,3,3,3,early,SB output byte 15 row 3 col 3 bit 3
SB_124,SB,124,15,3,3,4,early,SB output byte 15 row 3 col 3 bit 4
SB_125,SB,125,15,3,3,5,early,SB output byte 15 row 3 col 3 bit 5
SB_126,SB,126,15,3,3,6,early,SB output byte 15 row 3 col 3 bit 6
SB_127,SB,127,15,3,3,7,early,SB output byte 15 row 3 col 3 bit 7
SR_0,SR,0,0,0,0,0,early,SR output byte 0 row 0 col 0 bit 0
SR_1,SR,1,0,0,0,1,early,SR output byte 0 row 0 col 0 bit 1
SR_2,SR,2,0,0,0,2,early,SR output byte 0 row 0 col 0 bit 2
SR_3,SR,3,0,0,0,3,early,SR output byte 0 row 0 col 0 bit 3
SR_4,SR,4,0,0,0,4,early,SR output byte 0 row 0 col 0 bit 4
SR_5,SR,5,0,0,0,5,early,SR output byte 0 row 0 col 0 bit 5
SR_6,SR,6,0,0,0,6,early,SR output byte 0 row 0 col 0 bit 6
SR_7,SR,7,0,0,0,7,early,SR output byte 0 row 0 col 0 bit 7
SR_8,SR,8,1,1,0,0,early,SR output byte 1 row 1 col 0 bit 0
SR_9,SR,9,1,1,0,1,early,SR output byte 1 row 1 col 0 bit 1
SR_10,SR,10,1,1,0,2,early,SR output byte 1 row 1 col 0 bit 2
SR_11,SR,11,1,1,0,3,early,SR output byte 1 row 1 col 0 bit 3
SR_12,SR,12,1,1,0,4,early,SR output byte 1 row 1 col 0 bit 4
SR_13,SR,13,1,1,0,5,early,SR output byte 1 row 1 col 0 bit 5
SR_14,SR,14,1,1,0,6,early,SR output byte 1 row 1 col 0 bit 6
SR_15,SR,15,1,1,0,7,early,SR output byte 1 row 1 col 0 bit 7
SR_16,SR,16,2,2,0,0,early,SR output byte 2 row 2 col 0 bit 0
SR_17,SR,17,2,2,0,1,early,SR output byte 2 row 2 col 0 bit 1
SR_18,SR,18,2,2,0,2,early,SR output byte 2 row 2 col 0 bit 2
SR_19,SR,19,2,2,0,3,early,SR output byte 2 row 2 col 0 bit 3
SR_20,SR,20,2,2,0,4,early,SR output byte 2 row 2 col 0 bit 4
SR_21,SR,21,2,2,0,5,early,SR output byte 2 row 2 col 0 bit 5
SR_22,SR,22,2,2,0,6,early,SR output byte 2 row 2 col 0 bit 6
SR_23,SR,23,2,2,0,7,early,SR output byte 2 row 2 col 0 bit 7
SR_24,SR,24,3,3,0,0,early,SR output byte 3 row 3 col 0 bit 0
SR_25,SR,25,3,3,0,1,early,SR output byte 3 row 3 col 0 bit 1
SR_26,SR,26,3,3,0,2,early,SR output byte 3 row 3 col 0 bit 2
SR_27,SR,27,3,3,0,3,early,SR output byte 3 row 3 col 0 bit 3
SR_28,SR,28,3,3,0,4,early,SR output byte 3 row 3 col 0 bit 4
SR_29,SR,29,3,3,0,5,early,SR output byte 3 row 3 col 0 bit 5
SR_30,SR,30,3,3,0,6,early,SR output byte 3 row 3 col 0 bit 6
SR_31,SR,31,3,3,0,7,early,SR output byte 3 row 3 col 0 bit 7
SR_32,SR,32,4,0,1,0,early,SR output byte 4 row 0 col 1 bit 0
SR_33,SR,33,4,0,1,1,early,SR output byte 4 row 0 col 1 bit 1
SR_34,SR,34,4,0,1,2,early,SR output byte 4 row 0 col 1 bit 2
SR_35,SR,35,4,0,1,3,early,SR output byte 4 row 0 col 1 bit 3
SR_36,SR,36,4,0,1,4,early,SR output byte 4 row 0 col 1 bit 4
SR_37,SR,37,4,0,1,5,early,SR output byte 4 row 0 col 1 bit 5
SR_38,SR,38,4,0,1,6,early,SR output byte 4 row 0 col 1 bit 6
SR_39,SR,39,4,0,1,7,early,SR output byte 4 row 0 col 1 bit 7
SR_40,SR,40,5,1,1,0,early,SR output byte 5 row 1 col 1 bit 0
SR_41,SR,41,5,1,1,1,early,SR output byte 5 row 1 col 1 bit 1
SR_42,SR,42,5,1,1,2,early,SR output byte 5 row 1 col 1 bit 2
SR_43,SR,43,5,1,1,3,early,SR output byte 5 row 1 col 1 bit 3
SR_44,SR,44,5,1,1,4,early,SR output byte 5 row 1 col 1 bit 4
SR_45,SR,45,5,1,1,5,early,SR output byte 5 row 1 col 1 bit 5
SR_46,SR,46,5,1,1,6,early,SR output byte 5 row 1 col 1 bit 6
SR_47,SR,47,5,1,1,7,early,SR output byte 5 row 1 col 1 bit 7
SR_48,SR,48,6,2,1,0,early,SR output byte 6 row 2 col 1 bit 0
SR_49,SR,49,6,2,1,1,early,SR output byte 6 row 2 col 1 bit 1
SR_50,SR,50,6,2,1,2,early,SR output byte 6 row 2 col 1 bit 2
SR_51,SR,51,6,2,1,3,early,SR output byte 6 row 2 col 1 bit 3
SR_52,SR,52,6,2,1,4,early,SR output byte 6 row 2 col 1 bit 4
SR_53,SR,53,6,2,1,5,early,SR output byte 6 row 2 col 1 bit 5
SR_54,SR,54,6,2,1,6,early,SR output byte 6 row 2 col 1 bit 6
SR_55,SR,55,6,2,1,7,early,SR output byte 6 row 2 col 1 bit 7
SR_56,SR,56,7,3,1,0,early,SR output byte 7 row 3 col 1 bit 0
SR_57,SR,57,7,3,1,1,early,SR output byte 7 row 3 col 1 bit 1
SR_58,SR,58,7,3,1,2,early,SR output byte 7 row 3 col 1 bit 2
SR_59,SR,59,7,3,1,3,early,SR output byte 7 row 3 col 1 bit 3
SR_60,SR,60,7,3,1,4,early,SR output byte 7 row 3 col 1 bit 4
SR_61,SR,61,7,3,1,5,early,SR output byte 7 row 3 col 1 bit 5
SR_62,SR,62,7,3,1,6,early,SR output byte 7 row 3 col 1 bit 6
SR_63,SR,63,7,3,1,7,early,SR output byte 7 row 3 col 1 bit 7
SR_64,SR,64,8,0,2,0,early,SR output byte 8 row 0 col 2 bit 0
SR_65,SR,65,8,0,2,1,early,SR output byte 8 row 0 col 2 bit 1
SR_66,SR,66,8,0,2,2,early,SR output byte 8 row 0 col 2 bit 2
SR_67,SR,67,8,0,2,3,early,SR output byte 8 row 0 col 2 bit 3
SR_68,SR,68,8,0,2,4,early,SR output byte 8 row 0 col 2 bit 4
SR_69,SR,69,8,0,2,5,early,SR output byte 8 row 0 col 2 bit 5
SR_70,SR,70,8,0,2,6,early,SR output byte 8 row 0 col 2 bit 6
SR_71,SR,71,8,0,2,7,early,SR output byte 8 row 0 col 2 bit 7
SR_72,SR,72,9,1,2,0,early,SR output byte 9 row 1 col 2 bit 0
SR_73,SR,73,9,1,2,1,early,SR output byte 9 row 1 col 2 bit 1
SR_74,SR,74,9,1,2,2,early,SR output byte 9 row 1 col 2 bit 2
SR_75,SR,75,9,1,2,3,early,SR output byte 9 row 1 col 2 bit 3
SR_76,SR,76,9,1,2,4,early,SR output byte 9 row 1 col 2 bit 4
SR_77,SR,77,9,1,2,5,early,SR output byte 9 row 1 col 2 bit 5
SR_78,SR,78,9,1,2,6,early,SR output byte 9 row 1 col 2 bit 6
SR_79,SR,79,9,1,2,7,early,SR output byte 9 row 1 col 2 bit 7
SR_80,SR,80,10,2,2,0,early,SR output byte 10 row 2 col 2 bit 0
SR_81,SR,81,10,2,2,1,early,SR output byte 10 row 2 col 2 bit 1
SR_82,SR,82,10,2,2,2,early,SR output byte 10 row 2 col 2 bit 2
SR_83,SR,83,10,2,2,3,early,SR output byte 10 row 2 col 2 bit 3
SR_84,SR,84,10,2,2,4,early,SR output byte 10 row 2 col 2 bit 4
SR_85,SR,85,10,2,2,5,early,SR output byte 10 row 2 col 2 bit 5
SR_86,SR,86,10,2,2,6,early,SR output byte 10 row 2 col 2 bit 6
SR_87,SR,87,10,2,2,7,early,SR output byte 10 row 2 col 2 bit 7
SR_88,SR,88,11,3,2,0,early,SR output byte 11 row 3 col 2 bit 0
SR_89,SR,89,11,3,2,1,early,SR output byte 11 row 3 col 2 bit 1
SR_90,SR,90,11,3,2,2,early,SR output byte 11 row 3 col 2 bit 2
SR_91,SR,91,11,3,2,3,early,SR output byte 11 row 3 col 2 bit 3
SR_92,SR,92,11,3,2,4,early,SR output byte 11 row 3 col 2 bit 4
SR_93,SR,93,11,3,2,5,early,SR output byte 11 row 3 col 2 bit 5
SR_94,SR,94,11,3,2,6,early,SR output byte 11 row 3 col 2 bit 6
SR_95,SR,95,11,3,2,7,early,SR output byte 11 row 3 col 2 bit 7
SR_96,SR,96,12,0,3,0,early,SR output byte 12 row 0 col 3 bit 0
SR_97,SR,97,12,0,3,1,early,SR output byte 12 row 0 col 3 bit 1
SR_98,SR,98,12,0,3,2,early,SR output byte 12 row 0 col 3 bit 2
SR_99,SR,99,12,0,3,3,early,SR output byte 12 row 0 col 3 bit 3
SR_100,SR,100,12,0,3,4,early,SR output byte 12 row 0 col 3 bit 4
SR_101,SR,101,12,0,3,5,early,SR output byte 12 row 0 col 3 bit 5
SR_102,SR,102,12,0,3,6,early,SR output byte 12 row 0 col 3 bit 6
SR_103,SR,103,12,0,3,7,early,SR output byte 12 row 0 col 3 bit 7
SR_104,SR,104,13,1,3,0,early,SR output byte 13 row 1 col 3 bit 0
SR_105,SR,105,13,1,3,1,early,SR output byte 13 row 1 col 3 bit 1
SR_106,SR,106,13,1,3,2,early,SR output byte 13 row 1 col 3 bit 2
SR_107,SR,107,13,1,3,3,early,SR output byte 13 row 1 col 3 bit 3
SR_108,SR,108,13,1,3,4,early,SR output byte 13 row 1 col 3 bit 4
SR_109,SR,109,13,1,3,5,early,SR output byte 13 row 1 col 3 bit 5
SR_110,SR,110,13,1,3,6,early,SR output byte 13 row 1 col 3 bit 6
SR_111,SR,111,13,1,3,7,early,SR output byte 13 row 1 col 3 bit 7
SR_112,SR,112,14,2,3,0,early,SR output byte 14 row 2 col 3 bit 0
SR_113,SR,113,14,2,3,1,early,SR output byte 14 row 2 col 3 bit 1
SR_114,SR,114,14,2,3,2,early,SR output byte 14 row 2 col 3 bit 2
SR_115,SR,115,14,2,3,3,early,SR output byte 14 row 2 col 3 bit 3
SR_116,SR,116,14,2,3,4,early,SR output byte 14 row 2 col 3 bit 4
SR_117,SR,117,14,2,3,5,early,SR output byte 14 row 2 col 3 bit 5
SR_118,SR,118,14,2,3,6,early,SR output byte 14 row 2 col 3 bit 6
SR_119,SR,119,14,2,3,7,early,SR output byte 14 row 2 col 3 bit 7
SR_120,SR,120,15,3,3,0,early,SR output byte 15 row 3 col 3 bit 0
SR_121,SR,121,15,3,3,1,early,SR output byte 15 row 3 col 3 bit 1
SR_122,SR,122,15,3,3,2,early,SR output byte 15 row 3 col 3 bit 2
SR_123,SR,123,15,3,3,3,early,SR output byte 15 row 3 col 3 bit 3
SR_124,SR,124,15,3,3,4,early,SR output byte 15 row 3 col 3 bit 4
SR_125,SR,125,15,3,3,5,early,SR output byte 15 row 3 col 3 bit 5
SR_126,SR,126,15,3,3,6,early,SR output byte 15 row 3 col 3 bit 6
SR_127,SR,127,15,3,3,7,early,SR output byte 15 row 3 col 3 bit 7
MC_0,MC,0,0,0,0,0,late,MC output byte 0 row 0 col 0 bit 0
MC_1,MC,1,0,0,0,1,late,MC output byte 0 row 0 col 0 bit 1
MC_2,MC,2,0,0,0,2,late,MC output byte 0 row 0 col 0 bit 2
MC_3,MC,3,0,0,0,3,late,MC output byte 0 row 0 col 0 bit 3
MC_4,MC,4,0,0,0,4,late,MC output byte 0 row 0 col 0 bit 4
MC_5,MC,5,0,0,0,5,late,MC output byte 0 row 0 col 0 bit 5
MC_6,MC,6,0,0,0,6,late,MC output byte 0 row 0 col 0 bit 6
MC_7,MC,7,0,0,0,7,late,MC output byte 0 row 0 col 0 bit 7
MC_8,MC,8,1,1,0,0,late,MC output byte 1 row 1 col 0 bit 0
MC_9,MC,9,1,1,0,1,late,MC output byte 1 row 1 col 0 bit 1
MC_10,MC,10,1,1,0,2,late,MC output byte 1 row 1 col 0 bit 2
MC_11,MC,11,1,1,0,3,late,MC output byte 1 row 1 col 0 bit 3
MC_12,MC,12,1,1,0,4,late,MC output byte 1 row 1 col 0 bit 4
MC_13,MC,13,1,1,0,5,late,MC output byte 1 row 1 col 0 bit 5
MC_14,MC,14,1,1,0,6,late,MC output byte 1 row 1 col 0 bit 6
MC_15,MC,15,1,1,0,7,late,MC output byte 1 row 1 col 0 bit 7
MC_16,MC,16,2,2,0,0,late,MC output byte 2 row 2 col 0 bit 0
MC_17,MC,17,2,2,0,1,late,MC output byte 2 row 2 col 0 bit 1
MC_18,MC,18,2,2,0,2,late,MC output byte 2 row 2 col 0 bit 2
MC_19,MC,19,2,2,0,3,late,MC output byte 2 row 2 col 0 bit 3
MC_20,MC,20,2,2,0,4,late,MC output byte 2 row 2 col 0 bit 4
MC_21,MC,21,2,2,0,5,late,MC output byte 2 row 2 col 0 bit 5
MC_22,MC,22,2,2,0,6,late,MC output byte 2 row 2 col 0 bit 6
MC_23,MC,23,2,2,0,7,late,MC output byte 2 row 2 col 0 bit 7
MC_24,MC,24,3,3,0,0,late,MC output byte 3 row 3 col 0 bit 0
MC_25,MC,25,3,3,0,1,late,MC output byte 3 row 3 col 0 bit 1
MC_26,MC,26,3,3,0,2,late,MC output byte 3 row 3 col 0 bit 2
MC_27,MC,27,3,3,0,3,late,MC output byte 3 row 3 col 0 bit 3
MC_28,MC,28,3,3,0,4,late,MC output byte 3 row 3 col 0 bit 4
MC_29,MC,29,3,3,0,5,late,MC output byte 3 row 3 col 0 bit 5
MC_30,MC,30,3,3,0,6,late,MC output byte 3 row 3 col 0 bit 6
MC_31,MC,31,3,3,0,7,late,MC output byte 3 row 3 col 0 bit 7
MC_32,MC,32,4,0,1,0,late,MC output byte 4 row 0 col 1 bit 0
MC_33,MC,33,4,0,1,1,late,MC output byte 4 row 0 col 1 bit 1
MC_34,MC,34,4,0,1,2,late,MC output byte 4 row 0 col 1 bit 2
MC_35,MC,35,4,0,1,3,late,MC output byte 4 row 0 col 1 bit 3
MC_36,MC,36,4,0,1,4,late,MC output byte 4 row 0 col 1 bit 4
MC_37,MC,37,4,0,1,5,late,MC output byte 4 row 0 col 1 bit 5
MC_38,MC,38,4,0,1,6,late,MC output byte 4 row 0 col 1 bit 6
MC_39,MC,39,4,0,1,7,late,MC output byte 4 row 0 col 1 bit 7
MC_40,MC,40,5,1,1,0,late,MC output byte 5 row 1 col 1 bit 0
MC_41,MC,41,5,1,1,1,late,MC output byte 5 row 1 col 1 bit 1
MC_42,MC,42,5,1,1,2,late,MC output byte 5 row 1 col 1 bit 2
MC_43,MC,43,5,1,1,3,late,MC output byte 5 row 1 col 1 bit 3
MC_44,MC,44,5,1,1,4,late,MC output byte 5 row 1 col 1 bit 4
MC_45,MC,45,5,1,1,5,late,MC output byte 5 row 1 col 1 bit 5
MC_46,MC,46,5,1,1,6,late,MC output byte 5 row 1 col 1 bit 6
MC_47,MC,47,5,1,1,7,late,MC output byte 5 row 1 col 1 bit 7
MC_48,MC,48,6,2,1,0,late,MC output byte 6 row 2 col 1 bit 0
MC_49,MC,49,6,2,1,1,late,MC output byte 6 row 2 col 1 bit 1
MC_50,MC,50,6,2,1,2,late,MC output byte 6 row 2 col 1 bit 2
MC_51,MC,51,6,2,1,3,late,MC output byte 6 row 2 col 1 bit 3
MC_52,MC,52,6,2,1,4,late,MC output byte 6 row 2 col 1 bit 4
MC_53,MC,53,6,2,1,5,late,MC output byte 6 row 2 col 1 bit 5
MC_54,MC,54,6,2,1,6,late,MC output byte 6 row 2 col 1 bit 6
MC_55,MC,55,6,2,1,7,late,MC output byte 6 row 2 col 1 bit 7
MC_56,MC,56,7,3,1,0,late,MC output byte 7 row 3 col 1 bit 0
MC_57,MC,57,7,3,1,1,late,MC output byte 7 row 3 col 1 bit 1
MC_58,MC,58,7,3,1,2,late,MC output byte 7 row 3 col 1 bit 2
MC_59,MC,59,7,3,1,3,late,MC output byte 7 row 3 col 1 bit 3
MC_60,MC,60,7,3,1,4,late,MC output byte 7 row 3 col 1 bit 4
MC_61,MC,61,7,3,1,5,late,MC output byte 7 row 3 col 1 bit 5
MC_62,MC,62,7,3,1,6,late,MC output byte 7 row 3 col 1 bit 6
MC_63,MC,63,7,3,1,7,late,MC output byte 7 row 3 col 1 bit 7
MC_64,MC,64,8,0,2,0,late,MC output byte 8 row 0 col 2 bit 0
MC_65,MC,65,8,0,2,1,late,MC output byte 8 row 0 col 2 bit 1
MC_66,MC,66,8,0,2,2,late,MC output byte 8 row 0 col 2 bit 2
MC_67,MC,67,8,0,2,3,late,MC output byte 8 row 0 col 2 bit 3
MC_68,MC,68,8,0,2,4,late,MC output byte 8 row 0 col 2 bit 4
MC_69,MC,69,8,0,2,5,late,MC output byte 8 row 0 col 2 bit 5
MC_70,MC,70,8,0,2,6,late,MC output byte 8 row 0 col 2 bit 6
MC_71,MC,71,8,0,2,7,late,MC output byte 8 row 0 col 2 bit 7
MC_72,MC,72,9,1,2,0,late,MC output byte 9 row 1 col 2 bit 0
MC_73,MC,73,9,1,2,1,late,MC output byte 9 row 1 col 2 bit 1
MC_74,MC,74,9,1,2,2,late,MC output byte 9 row 1 col 2 bit 2
MC_75,MC,75,9,1,2,3,late,MC output byte 9 row 1 col 2 bit 3
MC_76,MC,76,9,1,2,4,late,MC output byte 9 row 1 col 2 bit 4
MC_77,MC,77,9,1,2,5,late,MC output byte 9 row 1 col 2 bit 5
MC_78,MC,78,9,1,2,6,late,MC output byte 9 row 1 col 2 bit 6
MC_79,MC,79,9,1,2,7,late,MC output byte 9 row 1 col 2 bit 7
MC_80,MC,80,10,2,2,0,late,MC output byte 10 row 2 col 2 bit 0
MC_81,MC,81,10,2,2,1,late,MC output byte 10 row 2 col 2 bit 1
MC_82,MC,82,10,2,2,2,late,MC output byte 10 row 2 col 2 bit 2
MC_83,MC,83,10,2,2,3,late,MC output byte 10 row 2 col 2 bit 3
MC_84,MC,84,10,2,2,4,late,MC output byte 10 row 2 col 2 bit 4
MC_85,MC,85,10,2,2,5,late,MC output byte 10 row 2 col 2 bit 5
MC_86,MC,86,10,2,2,6,late,MC output byte 10 row 2 col 2 bit 6
MC_87,MC,87,10,2,2,7,late,MC output byte 10 row 2 col 2 bit 7
MC_88,MC,88,11,3,2,0,late,MC output byte 11 row 3 col 2 bit 0
MC_89,MC,89,11,3,2,1,late,MC output byte 11 row 3 col 2 bit 1
MC_90,MC,90,11,3,2,2,late,MC output byte 11 row 3 col 2 bit 2
MC_91,MC,91,11,3,2,3,late,MC output byte 11 row 3 col 2 bit 3
MC_92,MC,92,11,3,2,4,late,MC output byte 11 row 3 col 2 bit 4
MC_93,MC,93,11,3,2,5,late,MC output byte 11 row 3 col 2 bit 5
MC_94,MC,94,11,3,2,6,late,MC output byte 11 row 3 col 2 bit 6
MC_95,MC,95,11,3,2,7,late,MC output byte 11 row 3 col 2 bit 7
MC_96,MC,96,12,0,3,0,late,MC output byte 12 row 0 col 3 bit 0
MC_97,MC,97,12,0,3,1,late,MC output byte 12 row 0 col 3 bit 1
MC_98,MC,98,12,0,3,2,late,MC output byte 12 row 0 col 3 bit 2
MC_99,MC,99,12,0,3,3,late,MC output byte 12 row 0 col 3 bit 3
MC_100,MC,100,12,0,3,4,late,MC output byte 12 row 0 col 3 bit 4
MC_101,MC,101,12,0,3,5,late,MC output byte 12 row 0 col 3 bit 5
MC_102,MC,102,12,0,3,6,late,MC output byte 12 row 0 col 3 bit 6
MC_103,MC,103,12,0,3,7,late,MC output byte 12 row 0 col 3 bit 7
MC_104,MC,104,13,1,3,0,late,MC output byte 13 row 1 col 3 bit 0
MC_105,MC,105,13,1,3,1,late,MC output byte 13 row 1 col 3 bit 1
MC_106,MC,106,13,1,3,2,late,MC output byte 13 row 1 col 3 bit 2
MC_107,MC,107,13,1,3,3,late,MC output byte 13 row 1 col 3 bit 3
MC_108,MC,108,13,1,3,4,late,MC output byte 13 row 1 col 3 bit 4
MC_109,MC,109,13,1,3,5,late,MC output byte 13 row 1 col 3 bit 5
MC_110,MC,110,13,1,3,6,late,MC output byte 13 row 1 col 3 bit 6
MC_111,MC,111,13,1,3,7,late,MC output byte 13 row 1 col 3 bit 7
MC_112,MC,112,14,2,3,0,late,MC output byte 14 row 2 col 3 bit 0
MC_113,MC,113,14,2,3,1,late,MC output byte 14 row 2 col 3 bit 1
MC_114,MC,114,14,2,3,2,late,MC output byte 14 row 2 col 3 bit 2
MC_115,MC,115,14,2,3,3,late,MC output byte 14 row 2 col 3 bit 3
MC_116,MC,116,14,2,3,4,late,MC output byte 14 row 2 col 3 bit 4
MC_117,MC,117,14,2,3,5,late,MC output byte 14 row 2 col 3 bit 5
MC_118,MC,118,14,2,3,6,late,MC output byte 14 row 2 col 3 bit 6
MC_119,MC,119,14,2,3,7,late,MC output byte 14 row 2 col 3 bit 7
MC_120,MC,120,15,3,3,0,late,MC output byte 15 row 3 col 3 bit 0
MC_121,MC,121,15,3,3,1,late,MC output byte 15 row 3 col 3 bit 1
MC_122,MC,122,15,3,3,2,late,MC output byte 15 row 3 col 3 bit 2
MC_123,MC,123,15,3,3,3,late,MC output byte 15 row 3 col 3 bit 3
MC_124,MC,124,15,3,3,4,late,MC output byte 15 row 3 col 3 bit 4
MC_125,MC,125,15,3,3,5,late,MC output byte 15 row 3 col 3 bit 5
MC_126,MC,126,15,3,3,6,late,MC output byte 15 row 3 col 3 bit 6
MC_127,MC,127,15,3,3,7,late,MC output byte 15 row 3 col 3 bit 7
ARK_0,ARK,0,0,0,0,0,late,ARK output byte 0 row 0 col 0 bit 0
ARK_1,ARK,1,0,0,0,1,late,ARK output byte 0 row 0 col 0 bit 1
ARK_2,ARK,2,0,0,0,2,late,ARK output byte 0 row 0 col 0 bit 2
ARK_3,ARK,3,0,0,0,3,late,ARK output byte 0 row 0 col 0 bit 3
ARK_4,ARK,4,0,0,0,4,late,ARK output byte 0 row 0 col 0 bit 4
ARK_5,ARK,5,0,0,0,5,late,ARK output byte 0 row 0 col 0 bit 5
ARK_6,ARK,6,0,0,0,6,late,ARK output byte 0 row 0 col 0 bit 6
ARK_7,ARK,7,0,0,0,7,late,ARK output byte 0 row 0 col 0 bit 7
ARK_8,ARK,8,1,1,0,0,late,ARK output byte 1 row 1 col 0 bit 0
ARK_9,ARK,9,1,1,0,1,late,ARK output byte 1 row 1 col 0 bit 1
ARK_10,ARK,10,1,1,0,2,late,ARK output byte 1 row 1 col 0 bit 2
ARK_11,ARK,11,1,1,0,3,late,ARK output byte 1 row 1 col 0 bit 3
ARK_12,ARK,12,1,1,0,4,late,ARK output byte 1 row 1 col 0 bit 4
ARK_13,ARK,13,1,1,0,5,late,ARK output byte 1 row 1 col 0 bit 5
ARK_14,ARK,14,1,1,0,6,late,ARK output byte 1 row 1 col 0 bit 6
ARK_15,ARK,15,1,1,0,7,late,ARK output byte 1 row 1 col 0 bit 7
ARK_16,ARK,16,2,2,0,0,late,ARK output byte 2 row 2 col 0 bit 0
ARK_17,ARK,17,2,2,0,1,late,ARK output byte 2 row 2 col 0 bit 1
ARK_18,ARK,18,2,2,0,2,late,ARK output byte 2 row 2 col 0 bit 2
ARK_19,ARK,19,2,2,0,3,late,ARK output byte 2 row 2 col 0 bit 3
ARK_20,ARK,20,2,2,0,4,late,ARK output byte 2 row 2 col 0 bit 4
ARK_21,ARK,21,2,2,0,5,late,ARK output byte 2 row 2 col 0 bit 5
ARK_22,ARK,22,2,2,0,6,late,ARK output byte 2 row 2 col 0 bit 6
ARK_23,ARK,23,2,2,0,7,late,ARK output byte 2 row 2 col 0 bit 7
ARK_24,ARK,24,3,3,0,0,late,ARK output byte 3 row 3 col 0 bit 0
ARK_25,ARK,25,3,3,0,1,late,ARK output byte 3 row 3 col 0 bit 1
ARK_26,ARK,26,3,3,0,2,late,ARK output byte 3 row 3 col 0 bit 2
ARK_27,ARK,27,3,3,0,3,late,ARK output byte 3 row 3 col 0 bit 3
ARK_28,ARK,28,3,3,0,4,late,ARK output byte 3 row 3 col 0 bit 4
ARK_29,ARK,29,3,3,0,5,late,ARK output byte 3 row 3 col 0 bit 5
ARK_30,ARK,30,3,3,0,6,late,ARK output byte 3 row 3 col 0 bit 6
ARK_31,ARK,31,3,3,0,7,late,ARK output byte 3 row 3 col 0 bit 7
ARK_32,ARK,32,4,0,1,0,late,ARK output byte 4 row 0 col 1 bit 0
ARK_33,ARK,33,4,0,1,1,late,ARK output byte 4 row 0 col 1 bit 1
ARK_34,ARK,34,4,0,1,2,late,ARK output byte 4 row 0 col 1 bit 2
ARK_35,ARK,35,4,0,1,3,late,ARK output byte 4 row 0 col 1 bit 3
ARK_36,ARK,36,4,0,1,4,late,ARK output byte 4 row 0 col 1 bit 4
ARK_37,ARK,37,4,0,1,5,late,ARK output byte 4 row 0 col 1 bit 5
ARK_38,ARK,38,4,0,1,6,late,ARK output byte 4 row 0 col 1 bit 6
ARK_39,ARK,39,4,0,1,7,late,ARK output byte 4 row 0 col 1 bit 7
ARK_40,ARK,40,5,1,1,0,late,ARK output byte 5 row 1 col 1 bit 0
ARK_41,ARK,41,5,1,1,1,late,ARK output byte 5 row 1 col 1 bit 1
ARK_42,ARK,42,5,1,1,2,late,ARK output byte 5 row 1 col 1 bit 2
ARK_43,ARK,43,5,1,1,3,late,ARK output byte 5 row 1 col 1 bit 3
ARK_44,ARK,44,5,1,1,4,late,ARK output byte 5 row 1 col 1 bit 4
ARK_45,ARK,45,5,1,1,5,late,ARK output byte 5 row 1 col 1 bit 5
ARK_46,ARK,46,5,1,1,6,late,ARK output byte 5 row 1 col 1 bit 6
ARK_47,ARK,47,5,1,1,7,late,ARK output byte 5 row 1 col 1 bit 7
ARK_48,ARK,48,6,2,1,0,late,ARK output byte 6 row 2 col 1 bit 0
ARK_49,ARK,49,6,2,1,1,late,ARK output byte 6 row 2 col 1 bit 1
ARK_50,ARK,50,6,2,1,2,late,ARK output byte 6 row 2 col 1 bit 2
ARK_51,ARK,51,6,2,1,3,late,ARK output byte 6 row 2 col 1 bit 3
ARK_52,ARK,52,6,2,1,4,late,ARK output byte 6 row 2 col 1 bit 4
ARK_53,ARK,53,6,2,1,5,late,ARK output byte 6 row 2 col 1 bit 5
ARK_54,ARK,54,6,2,1,6,late,ARK output byte 6 row 2 col 1 bit 6
ARK_55,ARK,55,6,2,1,7,late,ARK output byte 6 row 2 col 1 bit 7
ARK_56,ARK,56,7,3,1,0,late,ARK output byte 7 row 3 col 1 bit 0
ARK_57,ARK,57,7,3,1,1,late,ARK output byte 7 row 3 col 1 bit 1
ARK_58,ARK,58,7,3,1,2,late,ARK output byte 7 row 3 col 1 bit 2
ARK_59,ARK,59,7,3,1,3,late,ARK output byte 7 row 3 col 1 bit 3
ARK_60,ARK,60,7,3,1,4,late,ARK output byte 7 row 3 col 1 bit 4
ARK_61,ARK,61,7,3,1,5,late,ARK output byte 7 row 3 col 1 bit 5
ARK_62,ARK,62,7,3,1,6,late,ARK output byte 7 row 3 col 1 bit 6
ARK_63,ARK,63,7,3,1,7,late,ARK output byte 7 row 3 col 1 bit 7
ARK_64,ARK,64,8,0,2,0,late,ARK output byte 8 row 0 col 2 bit 0
ARK_65,ARK,65,8,0,2,1,late,ARK output byte 8 row 0 col 2 bit 1
ARK_66,ARK,66,8,0,2,2,late,ARK output byte 8 row 0 col 2 bit 2
ARK_67,ARK,67,8,0,2,3,late,ARK output byte 8 row 0 col 2 bit 3
ARK_68,ARK,68,8,0,2,4,late,ARK output byte 8 row 0 col 2 bit 4
ARK_69,ARK,69,8,0,2,5,late,ARK output byte 8 row 0 col 2 bit 5
ARK_70,ARK,70,8,0,2,6,late,ARK output byte 8 row 0 col 2 bit 6
ARK_71,ARK,71,8,0,2,7,late,ARK output byte 8 row 0 col 2 bit 7
ARK_72,ARK,72,9,1,2,0,late,ARK output byte 9 row 1 col 2 bit 0
ARK_73,ARK,73,9,1,2,1,late,ARK output byte 9 row 1 col 2 bit 1
ARK_74,ARK,74,9,1,2,2,late,ARK output byte 9 row 1 col 2 bit 2
ARK_75,ARK,75,9,1,2,3,late,ARK output byte 9 row 1 col 2 bit 3
ARK_76,ARK,76,9,1,2,4,late,ARK output byte 9 row 1 col 2 bit 4
ARK_77,ARK,77,9,1,2,5,late,ARK output byte 9 row 1 col 2 bit 5
ARK_78,ARK,78,9,1,2,6,late,ARK output byte 9 row 1 col 2 bit 6
ARK_79,ARK,79,9,1,2,7,late,ARK output byte 9 row 1 col 2 bit 7
ARK_80,ARK,80,10,2,2,0,late,ARK output byte 10 row 2 col 2 bit 0
ARK_81,ARK,81,10,2,2,1,late,ARK output byte 10 row 2 col 2 bit 1
ARK_82,ARK,82,10,2,2,2,late,ARK output byte 10 row 2 col 2 bit 2
ARK_83,ARK,83,10,2,2,3,late,ARK output byte 10 row 2 col 2 bit 3
ARK_84,ARK,84,10,2,2,4,late,ARK output byte 10 row 2 col 2 bit 4
ARK_85,ARK,85,10,2,2,5,late,ARK output byte 10 row 2 col 2 bit 5
ARK_86,ARK,86,10,2,2,6,late,ARK output byte 10 row 2 col 2 bit 6
ARK_87,ARK,87,10,2,2,7,late,ARK output byte 10 row 2 col 2 bit 7
ARK_88,ARK,88,11,3,2,0,late,ARK output byte 11 row 3 col 2 bit 0
ARK_89,ARK,89,11,3,2,1,late,ARK output byte 11 row 3 col 2 bit 1
ARK_90,ARK,90,11,3,2,2,late,ARK output byte 11 row 3 col 2 bit 2
ARK_91,ARK,91,11,3,2,3,late,ARK output byte 11 row 3 col 2 bit 3
ARK_92,ARK,92,11,3,2,4,late,ARK output byte 11 row 3 col 2 bit 4
ARK_93,ARK,93,11,3,2,5,late,ARK output byte 11 row 3 col 2 bit 5
ARK_94,ARK,94,11,3,2,6,late,ARK output byte 11 row 3 col 2 bit 6
ARK_95,ARK,95,11,3,2,7,late,ARK output byte 11 row 3 col 2 bit 7
ARK_96,ARK,96,12,0,3,0,late,ARK output byte 12 row 0 col 3 bit 0
ARK_97,ARK,97,12,0,3,1,late,ARK output byte 12 row 0 col 3 bit 1
ARK_98,ARK,98,12,0,3,2,late,ARK output byte 12 row 0 col 3 bit 2
ARK_99,ARK,99,12,0,3,3,late,ARK output byte 12 row 0 col 3 bit 3
ARK_100,ARK,100,12,0,3,4,late,ARK output byte 12 row 0 col 3 bit 4
ARK_101,ARK,101,12,0,3,5,late,ARK output byte 12 row 0 col 3 bit 5
ARK_102,ARK,102,12,0,3,6,late,ARK output byte 12 row 0 col 3 bit 6
ARK_103,ARK,103,12,0,3,7,late,ARK output byte 12 row 0 col 3 bit 7
ARK_104,ARK,104,13,1,3,0,late,ARK output byte 13 row 1 col 3 bit 0
ARK_105,ARK,105,13,1,3,1,late,ARK output byte 13 row 1 col 3 bit 1
ARK_106,ARK,106,13,1,3,2,late,ARK output byte 13 row 1 col 3 bit 2
ARK_107,ARK,107,13,1,3,3,late,ARK output byte 13 row 1 col 3 bit 3
ARK_108,ARK,108,13,1,3,4,late,ARK output byte 13 row 1 col 3 bit 4
ARK_109,ARK,109,13,1,3,5,late,ARK output byte 13 row 1 col 3 bit 5
ARK_110,ARK,110,13,1,3,6,late,ARK output byte 13 row 1 col 3 bit 6
ARK_111,ARK,111,13,1,3,7,late,ARK output byte 13 row 1 col 3 bit 7
ARK_112,ARK,112,14,2,3,0,late,ARK output byte 14 row 2 col 3 bit 0
ARK_113,ARK,113,14,2,3,1,late,ARK output byte 14 row 2 col 3 bit 1
ARK_114,ARK,114,14,2,3,2,late,ARK output byte 14 row 2 col 3 bit 2
ARK_115,ARK,115,14,2,3,3,late,ARK output byte 14 row 2 col 3 bit 3
ARK_116,ARK,116,14,2,3,4,late,ARK output byte 14 row 2 col 3 bit 4
ARK_117,ARK,117,14,2,3,5,late,ARK output byte 14 row 2 col 3 bit 5
ARK_118,ARK,118,14,2,3,6,late,ARK output byte 14 row 2 col 3 bit 6
ARK_119,ARK,119,14,2,3,7,late,ARK output byte 14 row 2 col 3 bit 7
ARK_120,ARK,120,15,3,3,0,late,ARK output byte 15 row 3 col 3 bit 0
ARK_121,ARK,121,15,3,3,1,late,ARK output byte 15 row 3 col 3 bit 1
ARK_122,ARK,122,15,3,3,2,late,ARK output byte 15 row 3 col 3 bit 2
ARK_123,ARK,123,15,3,3,3,late,ARK output byte 15 row 3 col 3 bit 3
ARK_124,ARK,124,15,3,3,4,late,ARK output byte 15 row 3 col 3 bit 4
ARK_125,ARK,125,15,3,3,5,late,ARK output byte 15 row 3 col 3 bit 5
ARK_126,ARK,126,15,3,3,6,late,ARK output byte 15 row 3 col 3 bit 6
ARK_127,ARK,127,15,3,3,7,late,ARK output byte 15 row 3 col 3 bit 7
