case_id,candidate_id,stage,bit_index,byte_index,bit_in_byte
late1_MC_0,MC_0,MC,0,0,0
late1_MC_9,MC_9,MC,9,1,1
late1_MC_18,MC_18,MC,18,2,2
late1_MC_27,MC_27,MC,27,3,3
late1_MC_36,MC_36,MC,36,4,4
late1_MC_45,MC_45,MC,45,5,5
late1_MC_54,MC_54,MC,54,6,6
late1_MC_63,MC_63,MC,63,7,7
late1_MC_64,MC_64,MC,64,8,0
late1_MC_73,MC_73,MC,73,9,1
late1_MC_82,MC_82,MC,82,10,2
late1_MC_91,MC_91,MC,91,11,3
late1_MC_100,MC_100,MC,100,12,4
late1_MC_109,MC_109,MC,109,13,5
late1_MC_118,MC_118,MC,118,14,6
late1_MC_127,MC_127,MC,127,15,7
late1_ARK_4,ARK_4,ARK,4,0,4
late1_ARK_13,ARK_13,ARK,13,1,5
late1_ARK_22,ARK_22,ARK,22,2,6
late1_ARK_31,ARK_31,ARK,31,3,7
late1_ARK_32,ARK_32,ARK,32,4,0
late1_ARK_41,ARK_41,ARK,41,5,1
late1_ARK_50,ARK_50,ARK,50,6,2
late1_ARK_59,ARK_59,ARK,59,7,3
late1_ARK_68,ARK_68,ARK,68,8,4
late1_ARK_77,ARK_77,ARK,77,9,5
late1_ARK_86,ARK_86,ARK,86,10,6
late1_ARK_95,ARK_95,ARK,95,11,7
late1_ARK_96,ARK_96,ARK,96,12,0
late1_ARK_105,ARK_105,ARK,105,13,1
late1_ARK_114,ARK_114,ARK,114,14,2
late1_ARK_123,ARK_123,ARK,123,15,3
